Mes,DOW,Ciudad,Heridos,Muertos,Cluster
1.0,1.0,Antioquia,19,0,1
1.0,1.0,Barranquilla,128,6,0
1.0,1.0,Bolívar,1,1,1
1.0,1.0,Boyacá,9,1,1
1.0,1.0,Bucaramanga,211,10,0
1.0,1.0,Caldas,5,0,1
1.0,1.0,Caquetá,2,2,1
1.0,1.0,Casanare,3,3,0
1.0,1.0,Cauca,6,2,1
1.0,1.0,Chocó,1,0,1
1.0,1.0,Cundinamarca,4,1,1
1.0,1.0,Córdoba,4,1,1
1.0,1.0,Envigado,90,0,1
1.0,1.0,Guajira,1,0,1
1.0,1.0,Huila,1,0,1
1.0,1.0,Magdalena,1,0,1
1.0,1.0,Medellin,1793,16,2
1.0,1.0,Meta,1,0,1
1.0,1.0,Nariño,4,1,1
1.0,1.0,Norte de Santander,2,0,1
1.0,1.0,Ocaña,0,1,1
1.0,1.0,Palmira,18,0,1
1.0,1.0,Planta Central,4,2,1
1.0,1.0,Putumayo,8,1,1
1.0,1.0,Quindío,6,1,1
1.0,1.0,Risaralda,1,1,1
1.0,1.0,Santander,5,2,1
1.0,1.0,Sucre,0,0,1
1.0,1.0,Tolima,2,2,1
1.0,1.0,Valle del Cauca,6,0,1
1.0,2.0,Antioquia,16,3,0
1.0,2.0,Barranquilla,113,1,1
1.0,2.0,Bolívar,1,0,1
1.0,2.0,Boyacá,10,1,1
1.0,2.0,Bucaramanga,211,7,0
1.0,2.0,Caldas,4,0,1
1.0,2.0,Caquetá,2,0,1
1.0,2.0,Casanare,1,0,1
1.0,2.0,Cauca,2,1,1
1.0,2.0,Cesar,1,0,1
1.0,2.0,Cundinamarca,3,0,1
1.0,2.0,Córdoba,3,0,1
1.0,2.0,Envigado,106,1,1
1.0,2.0,Guajira,0,0,1
1.0,2.0,Huila,0,0,1
1.0,2.0,Magdalena,1,0,1
1.0,2.0,Medellin,1855,22,2
1.0,2.0,Meta,1,0,1
1.0,2.0,Nariño,3,2,1
1.0,2.0,Norte de Santander,3,0,1
1.0,2.0,Palmira,17,0,1
1.0,2.0,Planta Central,3,2,1
1.0,2.0,Putumayo,3,0,1
1.0,2.0,Quindío,3,0,1
1.0,2.0,Risaralda,7,3,0
1.0,2.0,Santander,6,2,1
1.0,2.0,Sucre,0,0,1
1.0,2.0,Tolima,0,0,1
1.0,2.0,Valle del Cauca,13,0,1
1.0,3.0,Antioquia,20,1,1
1.0,3.0,Barranquilla,112,2,1
1.0,3.0,Boyacá,7,0,1
1.0,3.0,Bucaramanga,200,6,0
1.0,3.0,Caldas,2,0,1
1.0,3.0,Caquetá,3,1,1
1.0,3.0,Casanare,1,0,1
1.0,3.0,Cauca,6,2,1
1.0,3.0,Chocó,1,0,1
1.0,3.0,Cundinamarca,3,0,1
1.0,3.0,Córdoba,3,1,1
1.0,3.0,Envigado,100,2,1
1.0,3.0,Huila,1,0,1
1.0,3.0,Medellin,1907,12,2
1.0,3.0,Meta,3,3,0
1.0,3.0,Nariño,3,2,1
1.0,3.0,Norte de Santander,0,0,1
1.0,3.0,Ocaña,1,0,1
1.0,3.0,Palmira,27,0,1
1.0,3.0,Planta Central,5,8,0
1.0,3.0,Putumayo,3,1,1
1.0,3.0,Quindío,7,0,1
1.0,3.0,Risaralda,10,2,1
1.0,3.0,San Andres y Providencia,2,0,1
1.0,3.0,Santander,6,2,1
1.0,3.0,Tolima,2,1,1
1.0,3.0,Valle del Cauca,9,3,0
1.0,4.0,Antioquia,14,1,1
1.0,4.0,Barranquilla,113,1,1
1.0,4.0,Bolívar,0,0,1
1.0,4.0,Boyacá,4,1,1
1.0,4.0,Bucaramanga,201,4,0
1.0,4.0,Caldas,3,0,1
1.0,4.0,Caquetá,1,1,1
1.0,4.0,Casanare,1,0,1
1.0,4.0,Cauca,6,0,1
1.0,4.0,Cesar,3,0,1
1.0,4.0,Cundinamarca,1,0,1
1.0,4.0,Córdoba,0,1,1
1.0,4.0,Envigado,129,3,0
1.0,4.0,Huila,0,1,1
1.0,4.0,Medellin,1851,11,2
1.0,4.0,Meta,1,0,1
1.0,4.0,Nariño,1,0,1
1.0,4.0,Norte de Santander,0,0,1
1.0,4.0,Ocaña,0,0,1
1.0,4.0,Palmira,17,0,1
1.0,4.0,Planta Central,5,2,1
1.0,4.0,Putumayo,3,0,1
1.0,4.0,Quindío,1,0,1
1.0,4.0,Risaralda,3,1,1
1.0,4.0,San Andres y Providencia,6,6,0
1.0,4.0,Santander,2,0,1
1.0,4.0,Sucre,2,0,1
1.0,4.0,Tolima,2,0,1
1.0,4.0,Valle del Cauca,12,0,1
1.0,5.0,Antioquia,14,0,1
1.0,5.0,Barranquilla,104,1,1
1.0,5.0,Bolívar,2,0,1
1.0,5.0,Boyacá,2,1,1
1.0,5.0,Bucaramanga,248,8,0
1.0,5.0,Caldas,3,0,1
1.0,5.0,Caquetá,4,0,1
1.0,5.0,Casanare,0,1,1
1.0,5.0,Cauca,5,5,0
1.0,5.0,Cesar,2,3,0
1.0,5.0,Cundinamarca,2,2,1
1.0,5.0,Córdoba,2,0,1
1.0,5.0,Envigado,145,3,0
1.0,5.0,Guajira,0,0,1
1.0,5.0,Huila,1,0,1
1.0,5.0,Magdalena,0,0,1
1.0,5.0,Medellin,1905,18,2
1.0,5.0,Meta,4,3,0
1.0,5.0,Nariño,3,2,1
1.0,5.0,Norte de Santander,5,1,1
1.0,5.0,Ocaña,1,1,1
1.0,5.0,Palmira,38,0,1
1.0,5.0,Planta Central,5,4,0
1.0,5.0,Putumayo,5,1,1
1.0,5.0,Quindío,0,0,1
1.0,5.0,Risaralda,2,2,1
1.0,5.0,San Andres y Providencia,2,0,1
1.0,5.0,Santander,2,0,1
1.0,5.0,Sucre,1,1,1
1.0,5.0,Tolima,0,2,1
1.0,5.0,Valle del Cauca,10,4,0
1.0,6.0,Antioquia,15,2,1
1.0,6.0,Barranquilla,108,5,0
1.0,6.0,Boyacá,8,3,0
1.0,6.0,Bucaramanga,219,6,0
1.0,6.0,Caldas,5,0,1
1.0,6.0,Caquetá,0,1,1
1.0,6.0,Casanare,2,0,1
1.0,6.0,Cauca,6,1,1
1.0,6.0,Cesar,0,1,1
1.0,6.0,Cundinamarca,0,1,1
1.0,6.0,Córdoba,0,3,0
1.0,6.0,Envigado,115,1,1
1.0,6.0,Guajira,0,0,1
1.0,6.0,Huila,2,0,1
1.0,6.0,Magdalena,1,0,1
1.0,6.0,Medellin,1709,19,2
1.0,6.0,Meta,3,0,1
1.0,6.0,Nariño,1,2,1
1.0,6.0,Norte de Santander,1,0,1
1.0,6.0,Ocaña,1,1,1
1.0,6.0,Palmira,23,0,1
1.0,6.0,Planta Central,3,3,0
1.0,6.0,Putumayo,4,2,1
1.0,6.0,Quindío,1,0,1
1.0,6.0,Risaralda,1,0,1
1.0,6.0,San Andres y Providencia,2,0,1
1.0,6.0,Santander,3,1,1
1.0,6.0,Sucre,1,0,1
1.0,6.0,Tolima,2,0,1
1.0,6.0,Valle del Cauca,17,2,1
1.0,7.0,Antioquia,19,5,0
1.0,7.0,Barranquilla,103,7,0
1.0,7.0,Bolívar,1,0,1
1.0,7.0,Boyacá,4,2,1
1.0,7.0,Bucaramanga,195,4,0
1.0,7.0,Caldas,1,1,1
1.0,7.0,Caquetá,2,2,1
1.0,7.0,Casanare,6,2,1
1.0,7.0,Cauca,6,4,0
1.0,7.0,Cesar,2,0,1
1.0,7.0,Chocó,2,1,1
1.0,7.0,Cundinamarca,0,0,1
1.0,7.0,Córdoba,1,1,1
1.0,7.0,Envigado,56,0,1
1.0,7.0,Huila,2,0,1
1.0,7.0,Magdalena,4,1,1
1.0,7.0,Medellin,1497,30,2
1.0,7.0,Meta,0,1,1
1.0,7.0,Nariño,4,2,1
1.0,7.0,Norte de Santander,3,4,0
1.0,7.0,Ocaña,0,0,1
1.0,7.0,Palmira,14,0,1
1.0,7.0,Planta Central,13,3,0
1.0,7.0,Putumayo,4,0,1
1.0,7.0,Quindío,3,2,1
1.0,7.0,Risaralda,4,0,1
1.0,7.0,San Andres y Providencia,2,0,1
1.0,7.0,Santander,6,1,1
1.0,7.0,Sucre,1,0,1
1.0,7.0,Tolima,1,1,1
1.0,7.0,Valle del Cauca,14,1,1
2.0,1.0,Antioquia,17,1,1
2.0,1.0,Barranquilla,143,8,0
2.0,1.0,Bolívar,1,0,1
2.0,1.0,Boyacá,4,2,1
2.0,1.0,Bucaramanga,215,4,0
2.0,1.0,Caldas,3,0,1
2.0,1.0,Caquetá,1,0,1
2.0,1.0,Casanare,0,0,1
2.0,1.0,Cauca,2,2,1
2.0,1.0,Chocó,1,0,1
2.0,1.0,Cundinamarca,1,0,1
2.0,1.0,Córdoba,2,1,1
2.0,1.0,Envigado,107,2,1
2.0,1.0,Guajira,1,0,1
2.0,1.0,Huila,1,0,1
2.0,1.0,Medellin,1807,19,2
2.0,1.0,Meta,1,0,1
2.0,1.0,Nariño,0,4,0
2.0,1.0,Norte de Santander,0,0,1
2.0,1.0,Palmira,27,0,1
2.0,1.0,Planta Central,4,0,1
2.0,1.0,Putumayo,3,0,1
2.0,1.0,Quindío,3,1,1
2.0,1.0,Risaralda,4,0,1
2.0,1.0,Santander,4,0,1
2.0,1.0,Sucre,2,0,1
2.0,1.0,Tolima,4,0,1
2.0,1.0,Valle del Cauca,22,0,1
2.0,2.0,Antioquia,19,0,1
2.0,2.0,Barranquilla,125,2,1
2.0,2.0,Bolívar,1,0,1
2.0,2.0,Boyacá,5,1,1
2.0,2.0,Bucaramanga,209,6,0
2.0,2.0,Caldas,3,1,1
2.0,2.0,Caquetá,2,1,1
2.0,2.0,Casanare,3,1,1
2.0,2.0,Cauca,1,0,1
2.0,2.0,Cesar,1,0,1
2.0,2.0,Cundinamarca,0,0,1
2.0,2.0,Córdoba,2,1,1
2.0,2.0,Envigado,103,0,1
2.0,2.0,Huila,1,1,1
2.0,2.0,Medellin,1683,11,2
2.0,2.0,Meta,1,1,1
2.0,2.0,Nariño,1,2,1
2.0,2.0,Norte de Santander,0,0,1
2.0,2.0,Palmira,36,0,1
2.0,2.0,Planta Central,6,3,0
2.0,2.0,Putumayo,1,0,1
2.0,2.0,Quindío,3,0,1
2.0,2.0,Risaralda,3,1,1
2.0,2.0,Santander,1,1,1
2.0,2.0,Sucre,2,1,1
2.0,2.0,Tolima,3,0,1
2.0,2.0,Valle del Cauca,11,0,1
2.0,3.0,Antioquia,11,2,1
2.0,3.0,Barranquilla,93,2,1
2.0,3.0,Bolívar,1,0,1
2.0,3.0,Boyacá,3,2,1
2.0,3.0,Bucaramanga,229,4,0
2.0,3.0,Caldas,0,0,1
2.0,3.0,Caquetá,1,1,1
2.0,3.0,Casanare,0,1,1
2.0,3.0,Cauca,1,0,1
2.0,3.0,Chocó,1,0,1
2.0,3.0,Cundinamarca,0,0,1
2.0,3.0,Córdoba,1,0,1
2.0,3.0,Envigado,123,7,0
2.0,3.0,Guajira,0,0,1
2.0,3.0,Huila,2,0,1
2.0,3.0,Medellin,1610,20,2
2.0,3.0,Meta,0,1,1
2.0,3.0,Nariño,1,4,0
2.0,3.0,Norte de Santander,0,1,1
2.0,3.0,Ocaña,2,0,1
2.0,3.0,Palmira,16,0,1
2.0,3.0,Planta Central,6,0,1
2.0,3.0,Putumayo,1,0,1
2.0,3.0,Quindío,1,0,1
2.0,3.0,Risaralda,5,1,1
2.0,3.0,Santander,1,1,1
2.0,3.0,Sucre,2,0,1
2.0,3.0,Tolima,0,1,1
2.0,3.0,Valle del Cauca,10,0,1
2.0,4.0,Antioquia,16,0,1
2.0,4.0,Barranquilla,99,3,0
2.0,4.0,Bolívar,1,1,1
2.0,4.0,Boyacá,4,0,1
2.0,4.0,Bucaramanga,206,2,1
2.0,4.0,Caldas,3,0,1
2.0,4.0,Caquetá,3,2,1
2.0,4.0,Casanare,6,2,1
2.0,4.0,Cauca,10,1,1
2.0,4.0,Cesar,1,1,1
2.0,4.0,Chocó,1,1,1
2.0,4.0,Cundinamarca,1,0,1
2.0,4.0,Córdoba,1,0,1
2.0,4.0,Envigado,99,2,1
2.0,4.0,Guajira,0,0,1
2.0,4.0,Huila,0,0,1
2.0,4.0,Medellin,1770,12,2
2.0,4.0,Meta,1,0,1
2.0,4.0,Nariño,5,3,0
2.0,4.0,Norte de Santander,1,0,1
2.0,4.0,Ocaña,2,0,1
2.0,4.0,Palmira,22,0,1
2.0,4.0,Planta Central,2,0,1
2.0,4.0,Putumayo,1,0,1
2.0,4.0,Quindío,3,1,1
2.0,4.0,Risaralda,4,0,1
2.0,4.0,San Andres y Providencia,4,0,1
2.0,4.0,Santander,5,3,0
2.0,4.0,Sucre,1,0,1
2.0,4.0,Tolima,1,0,1
2.0,4.0,Valle del Cauca,14,0,1
2.0,5.0,Antioquia,19,2,1
2.0,5.0,Barranquilla,128,4,0
2.0,5.0,Boyacá,2,2,1
2.0,5.0,Bucaramanga,181,4,0
2.0,5.0,Caldas,1,0,1
2.0,5.0,Caquetá,1,0,1
2.0,5.0,Casanare,3,2,1
2.0,5.0,Cauca,5,4,0
2.0,5.0,Cundinamarca,0,0,1
2.0,5.0,Córdoba,1,1,1
2.0,5.0,Envigado,105,1,1
2.0,5.0,Guajira,0,0,1
2.0,5.0,Huila,0,0,1
2.0,5.0,Medellin,1747,16,2
2.0,5.0,Meta,2,2,1
2.0,5.0,Nariño,2,3,0
2.0,5.0,Norte de Santander,3,2,1
2.0,5.0,Ocaña,1,0,1
2.0,5.0,Palmira,34,0,1
2.0,5.0,Planta Central,4,4,0
2.0,5.0,Putumayo,4,0,1
2.0,5.0,Quindío,2,1,1
2.0,5.0,Risaralda,2,0,1
2.0,5.0,Santander,5,0,1
2.0,5.0,Sucre,1,0,1
2.0,5.0,Tolima,0,1,1
2.0,5.0,Valle del Cauca,14,0,1
2.0,6.0,Antioquia,10,2,1
2.0,6.0,Barranquilla,129,3,0
2.0,6.0,Boyacá,9,2,1
2.0,6.0,Bucaramanga,245,9,0
2.0,6.0,Caldas,4,0,1
2.0,6.0,Caquetá,5,3,0
2.0,6.0,Casanare,1,2,1
2.0,6.0,Cauca,4,1,1
2.0,6.0,Cesar,3,2,1
2.0,6.0,Chocó,1,0,1
2.0,6.0,Cundinamarca,2,0,1
2.0,6.0,Córdoba,3,1,1
2.0,6.0,Envigado,88,2,1
2.0,6.0,Guajira,3,1,1
2.0,6.0,Huila,2,1,1
2.0,6.0,Medellin,1820,13,2
2.0,6.0,Meta,1,0,1
2.0,6.0,Nariño,5,5,0
2.0,6.0,Norte de Santander,1,0,1
2.0,6.0,Palmira,20,0,1
2.0,6.0,Planta Central,11,4,0
2.0,6.0,Putumayo,1,0,1
2.0,6.0,Quindío,3,0,1
2.0,6.0,Risaralda,6,1,1
2.0,6.0,San Andres y Providencia,4,0,1
2.0,6.0,Santander,3,3,0
2.0,6.0,Sucre,1,1,1
2.0,6.0,Tolima,2,0,1
2.0,6.0,Valle del Cauca,20,0,1
2.0,7.0,Antioquia,20,0,1
2.0,7.0,Barranquilla,100,8,0
2.0,7.0,Boyacá,7,2,1
2.0,7.0,Bucaramanga,149,10,0
2.0,7.0,Caldas,2,1,1
2.0,7.0,Caquetá,6,2,1
2.0,7.0,Casanare,2,3,0
2.0,7.0,Cauca,4,3,0
2.0,7.0,Cesar,1,1,1
2.0,7.0,Chocó,2,0,1
2.0,7.0,Cundinamarca,0,0,1
2.0,7.0,Córdoba,3,3,0
2.0,7.0,Envigado,54,1,1
2.0,7.0,Guajira,0,1,1
2.0,7.0,Huila,2,1,1
2.0,7.0,Medellin,1466,15,2
2.0,7.0,Meta,2,0,1
2.0,7.0,Nariño,4,10,0
2.0,7.0,Norte de Santander,3,0,1
2.0,7.0,Ocaña,0,0,1
2.0,7.0,Palmira,30,2,1
2.0,7.0,Planta Central,10,7,0
2.0,7.0,Putumayo,3,3,0
2.0,7.0,Quindío,4,2,1
2.0,7.0,Risaralda,5,0,1
2.0,7.0,San Andres y Providencia,2,0,1
2.0,7.0,Santander,3,1,1
2.0,7.0,Sucre,1,1,1
2.0,7.0,Tolima,2,0,1
2.0,7.0,Valle del Cauca,14,3,0
3.0,1.0,Antioquia,13,1,1
3.0,1.0,Barranquilla,100,2,1
3.0,1.0,Boyacá,5,0,1
3.0,1.0,Bucaramanga,177,4,0
3.0,1.0,Caldas,1,1,1
3.0,1.0,Caquetá,3,0,1
3.0,1.0,Casanare,1,6,0
3.0,1.0,Cauca,3,0,1
3.0,1.0,Cundinamarca,1,0,1
3.0,1.0,Córdoba,2,3,0
3.0,1.0,Envigado,95,1,1
3.0,1.0,Huila,1,0,1
3.0,1.0,Magdalena,0,1,1
3.0,1.0,Medellin,1702,17,2
3.0,1.0,Meta,1,0,1
3.0,1.0,Nariño,2,1,1
3.0,1.0,Norte de Santander,2,0,1
3.0,1.0,Palmira,13,0,1
3.0,1.0,Planta Central,5,2,1
3.0,1.0,Putumayo,1,1,1
3.0,1.0,Quindío,3,2,1
3.0,1.0,Risaralda,3,0,1
3.0,1.0,Santander,2,2,1
3.0,1.0,Sucre,0,0,1
3.0,1.0,Tolima,1,0,1
3.0,1.0,Valle del Cauca,15,2,1
3.0,2.0,Antioquia,14,0,1
3.0,2.0,Barranquilla,143,5,0
3.0,2.0,Bolívar,1,0,1
3.0,2.0,Boyacá,5,0,1
3.0,2.0,Bucaramanga,233,5,0
3.0,2.0,Caldas,1,0,1
3.0,2.0,Caquetá,9,1,1
3.0,2.0,Casanare,2,0,1
3.0,2.0,Cauca,3,0,1
3.0,2.0,Cesar,1,0,1
3.0,2.0,Cundinamarca,0,0,1
3.0,2.0,Córdoba,3,0,1
3.0,2.0,Envigado,118,1,1
3.0,2.0,Guajira,0,0,1
3.0,2.0,Huila,0,0,1
3.0,2.0,Medellin,1703,23,2
3.0,2.0,Meta,1,1,1
3.0,2.0,Nariño,1,0,1
3.0,2.0,Norte de Santander,1,0,1
3.0,2.0,Ocaña,1,0,1
3.0,2.0,Palmira,9,0,1
3.0,2.0,Planta Central,6,2,1
3.0,2.0,Putumayo,2,0,1
3.0,2.0,Quindío,2,3,0
3.0,2.0,Risaralda,4,2,1
3.0,2.0,Santander,1,0,1
3.0,2.0,Sucre,0,1,1
3.0,2.0,Tolima,0,0,1
3.0,2.0,Valle del Cauca,13,1,1
3.0,3.0,Antioquia,15,2,1
3.0,3.0,Barranquilla,118,1,1
3.0,3.0,Boyacá,7,2,1
3.0,3.0,Bucaramanga,201,6,0
3.0,3.0,Caldas,0,0,1
3.0,3.0,Caquetá,6,0,1
3.0,3.0,Casanare,1,0,1
3.0,3.0,Cauca,3,1,1
3.0,3.0,Cesar,1,1,1
3.0,3.0,Chocó,1,0,1
3.0,3.0,Cundinamarca,0,0,1
3.0,3.0,Córdoba,1,1,1
3.0,3.0,Envigado,97,2,1
3.0,3.0,Huila,0,0,1
3.0,3.0,Magdalena,1,0,1
3.0,3.0,Medellin,1717,13,2
3.0,3.0,Nariño,3,1,1
3.0,3.0,Norte de Santander,3,0,1
3.0,3.0,Ocaña,0,0,1
3.0,3.0,Palmira,13,0,1
3.0,3.0,Planta Central,5,0,1
3.0,3.0,Putumayo,1,0,1
3.0,3.0,Quindío,3,0,1
3.0,3.0,Risaralda,4,0,1
3.0,3.0,Santander,4,0,1
3.0,3.0,Tolima,0,0,1
3.0,3.0,Valle del Cauca,19,4,0
3.0,4.0,Antioquia,18,0,1
3.0,4.0,Barranquilla,123,4,0
3.0,4.0,Bolívar,1,1,1
3.0,4.0,Boyacá,13,0,1
3.0,4.0,Bucaramanga,208,6,0
3.0,4.0,Caldas,0,0,1
3.0,4.0,Caquetá,2,0,1
3.0,4.0,Casanare,4,2,1
3.0,4.0,Cauca,3,0,1
3.0,4.0,Cesar,1,0,1
3.0,4.0,Chocó,1,0,1
3.0,4.0,Cundinamarca,2,0,1
3.0,4.0,Córdoba,0,2,1
3.0,4.0,Envigado,100,3,0
3.0,4.0,Guajira,1,0,1
3.0,4.0,Huila,1,0,1
3.0,4.0,Magdalena,2,1,1
3.0,4.0,Medellin,1744,13,2
3.0,4.0,Meta,2,1,1
3.0,4.0,Nariño,2,1,1
3.0,4.0,Norte de Santander,1,1,1
3.0,4.0,Ocaña,1,0,1
3.0,4.0,Palmira,14,3,0
3.0,4.0,Planta Central,11,1,1
3.0,4.0,Putumayo,2,2,1
3.0,4.0,Quindío,5,0,1
3.0,4.0,Risaralda,5,0,1
3.0,4.0,Santander,3,2,1
3.0,4.0,Sucre,1,0,1
3.0,4.0,Tolima,2,1,1
3.0,4.0,Valle del Cauca,15,4,0
3.0,5.0,Antioquia,15,1,1
3.0,5.0,Barranquilla,135,5,0
3.0,5.0,Bolívar,1,0,1
3.0,5.0,Boyacá,6,2,1
3.0,5.0,Bucaramanga,199,5,0
3.0,5.0,Caldas,6,0,1
3.0,5.0,Caquetá,2,0,1
3.0,5.0,Casanare,2,0,1
3.0,5.0,Cauca,7,0,1
3.0,5.0,Cesar,0,0,1
3.0,5.0,Chocó,1,0,1
3.0,5.0,Cundinamarca,1,0,1
3.0,5.0,Córdoba,4,1,1
3.0,5.0,Envigado,102,0,1
3.0,5.0,Huila,1,0,1
3.0,5.0,Magdalena,0,0,1
3.0,5.0,Medellin,1717,10,2
3.0,5.0,Meta,1,0,1
3.0,5.0,Nariño,5,1,1
3.0,5.0,Norte de Santander,1,1,1
3.0,5.0,Ocaña,1,0,1
3.0,5.0,Palmira,24,0,1
3.0,5.0,Planta Central,4,2,1
3.0,5.0,Putumayo,4,1,1
3.0,5.0,Quindío,1,0,1
3.0,5.0,Risaralda,5,0,1
3.0,5.0,Santander,2,0,1
3.0,5.0,Sucre,2,0,1
3.0,5.0,Tolima,2,1,1
3.0,5.0,Valle del Cauca,18,3,0
3.0,6.0,Antioquia,17,2,1
3.0,6.0,Barranquilla,137,3,0
3.0,6.0,Bolívar,3,0,1
3.0,6.0,Boyacá,10,2,1
3.0,6.0,Bucaramanga,237,6,0
3.0,6.0,Caldas,2,0,1
3.0,6.0,Caquetá,2,2,1
3.0,6.0,Casanare,0,1,1
3.0,6.0,Cauca,8,1,1
3.0,6.0,Cesar,0,0,1
3.0,6.0,Chocó,3,0,1
3.0,6.0,Cundinamarca,0,0,1
3.0,6.0,Córdoba,1,0,1
3.0,6.0,Envigado,78,0,1
3.0,6.0,Guajira,0,1,1
3.0,6.0,Huila,1,0,1
3.0,6.0,Medellin,1721,19,2
3.0,6.0,Meta,0,0,1
3.0,6.0,Nariño,2,2,1
3.0,6.0,Norte de Santander,1,1,1
3.0,6.0,Ocaña,1,0,1
3.0,6.0,Palmira,15,0,1
3.0,6.0,Planta Central,8,2,1
3.0,6.0,Putumayo,2,0,1
3.0,6.0,Quindío,0,2,1
3.0,6.0,Risaralda,4,0,1
3.0,6.0,San Andres y Providencia,2,0,1
3.0,6.0,Santander,3,1,1
3.0,6.0,Sucre,0,0,1
3.0,6.0,Tolima,0,0,1
3.0,6.0,Valle del Cauca,18,0,1
3.0,7.0,Antioquia,15,0,1
3.0,7.0,Barranquilla,114,8,0
3.0,7.0,Boyacá,11,4,0
3.0,7.0,Bucaramanga,185,4,0
3.0,7.0,Caldas,1,0,1
3.0,7.0,Caquetá,4,3,0
3.0,7.0,Casanare,3,6,0
3.0,7.0,Cauca,11,5,0
3.0,7.0,Cesar,0,1,1
3.0,7.0,Chocó,0,1,1
3.0,7.0,Cundinamarca,1,0,1
3.0,7.0,Córdoba,1,1,1
3.0,7.0,Envigado,72,2,1
3.0,7.0,Guajira,0,0,1
3.0,7.0,Huila,3,2,1
3.0,7.0,Magdalena,0,1,1
3.0,7.0,Medellin,1539,24,2
3.0,7.0,Meta,4,0,1
3.0,7.0,Nariño,5,4,0
3.0,7.0,Norte de Santander,2,5,0
3.0,7.0,Ocaña,1,0,1
3.0,7.0,Palmira,26,1,1
3.0,7.0,Planta Central,6,8,0
3.0,7.0,Putumayo,6,2,1
3.0,7.0,Quindío,2,1,1
3.0,7.0,Risaralda,4,0,1
3.0,7.0,San Andres y Providencia,2,0,1
3.0,7.0,Santander,0,1,1
3.0,7.0,Sucre,1,0,1
3.0,7.0,Tolima,3,0,1
3.0,7.0,Valle del Cauca,13,2,1
4.0,1.0,Antioquia,11,0,1
4.0,1.0,Barranquilla,109,4,0
4.0,1.0,Boyacá,6,1,1
4.0,1.0,Bucaramanga,219,3,0
4.0,1.0,Caldas,1,1,1
4.0,1.0,Caquetá,4,1,1
4.0,1.0,Casanare,1,0,1
4.0,1.0,Cauca,0,1,1
4.0,1.0,Cesar,1,0,1
4.0,1.0,Chocó,4,1,1
4.0,1.0,Cundinamarca,3,0,1
4.0,1.0,Córdoba,1,0,1
4.0,1.0,Envigado,124,1,1
4.0,1.0,Huila,1,0,1
4.0,1.0,Medellin,1676,17,2
4.0,1.0,Meta,1,0,1
4.0,1.0,Nariño,1,2,1
4.0,1.0,Norte de Santander,1,2,1
4.0,1.0,Ocaña,2,1,1
4.0,1.0,Palmira,9,0,1
4.0,1.0,Planta Central,2,0,1
4.0,1.0,Putumayo,1,0,1
4.0,1.0,Quindío,0,0,1
4.0,1.0,Risaralda,2,0,1
4.0,1.0,San Andres y Providencia,2,0,1
4.0,1.0,Santander,0,0,1
4.0,1.0,Sucre,1,0,1
4.0,1.0,Valle del Cauca,19,2,1
4.0,2.0,Antioquia,18,3,0
4.0,2.0,Barranquilla,110,1,1
4.0,2.0,Bolívar,1,0,1
4.0,2.0,Boyacá,2,1,1
4.0,2.0,Bucaramanga,177,2,1
4.0,2.0,Caldas,3,0,1
4.0,2.0,Caquetá,4,0,1
4.0,2.0,Casanare,0,0,1
4.0,2.0,Cauca,6,1,1
4.0,2.0,Cesar,0,0,1
4.0,2.0,Cundinamarca,1,0,1
4.0,2.0,Córdoba,0,0,1
4.0,2.0,Envigado,103,1,1
4.0,2.0,Guajira,0,0,1
4.0,2.0,Huila,0,0,1
4.0,2.0,Medellin,1675,15,2
4.0,2.0,Meta,1,0,1
4.0,2.0,Nariño,2,0,1
4.0,2.0,Norte de Santander,0,0,1
4.0,2.0,Ocaña,1,0,1
4.0,2.0,Palmira,4,0,1
4.0,2.0,Planta Central,4,3,0
4.0,2.0,Putumayo,3,0,1
4.0,2.0,Quindío,1,1,1
4.0,2.0,Risaralda,4,0,1
4.0,2.0,Santander,1,0,1
4.0,2.0,Sucre,1,0,1
4.0,2.0,Tolima,0,0,1
4.0,2.0,Valle del Cauca,14,0,1
4.0,3.0,Antioquia,13,0,1
4.0,3.0,Barranquilla,96,2,1
4.0,3.0,Bolívar,0,0,1
4.0,3.0,Boyacá,5,1,1
4.0,3.0,Bucaramanga,195,5,0
4.0,3.0,Caldas,2,0,1
4.0,3.0,Caquetá,2,1,1
4.0,3.0,Casanare,1,1,1
4.0,3.0,Cauca,5,0,1
4.0,3.0,Cesar,1,0,1
4.0,3.0,Chocó,1,0,1
4.0,3.0,Cundinamarca,2,0,1
4.0,3.0,Córdoba,1,0,1
4.0,3.0,Envigado,99,1,1
4.0,3.0,Guajira,1,0,1
4.0,3.0,Huila,1,0,1
4.0,3.0,Medellin,1705,23,2
4.0,3.0,Meta,1,0,1
4.0,3.0,Nariño,1,0,1
4.0,3.0,Norte de Santander,3,2,1
4.0,3.0,Ocaña,2,0,1
4.0,3.0,Palmira,5,0,1
4.0,3.0,Planta Central,7,2,1
4.0,3.0,Putumayo,1,0,1
4.0,3.0,Quindío,2,0,1
4.0,3.0,Risaralda,7,0,1
4.0,3.0,Sucre,3,0,1
4.0,3.0,Tolima,0,0,1
4.0,3.0,Valle del Cauca,20,1,1
4.0,4.0,Antioquia,12,0,1
4.0,4.0,Barranquilla,80,3,0
4.0,4.0,Bolívar,0,0,1
4.0,4.0,Boyacá,7,2,1
4.0,4.0,Bucaramanga,193,4,0
4.0,4.0,Caldas,0,0,1
4.0,4.0,Caquetá,2,2,1
4.0,4.0,Casanare,3,0,1
4.0,4.0,Cauca,5,0,1
4.0,4.0,Cundinamarca,0,0,1
4.0,4.0,Córdoba,3,2,1
4.0,4.0,Envigado,92,0,1
4.0,4.0,Huila,1,0,1
4.0,4.0,Medellin,1659,15,2
4.0,4.0,Meta,2,0,1
4.0,4.0,Nariño,1,3,0
4.0,4.0,Norte de Santander,3,1,1
4.0,4.0,Ocaña,0,0,1
4.0,4.0,Palmira,6,0,1
4.0,4.0,Planta Central,10,2,1
4.0,4.0,Putumayo,3,0,1
4.0,4.0,Quindío,1,0,1
4.0,4.0,Risaralda,4,1,1
4.0,4.0,Santander,2,1,1
4.0,4.0,Sucre,1,1,1
4.0,4.0,Tolima,1,0,1
4.0,4.0,Valle del Cauca,10,1,1
4.0,5.0,Antioquia,4,0,1
4.0,5.0,Barranquilla,86,2,1
4.0,5.0,Boyacá,5,2,1
4.0,5.0,Bucaramanga,213,2,1
4.0,5.0,Caldas,2,0,1
4.0,5.0,Caquetá,2,0,1
4.0,5.0,Casanare,3,0,1
4.0,5.0,Cauca,5,1,1
4.0,5.0,Cesar,1,1,1
4.0,5.0,Chocó,1,0,1
4.0,5.0,Cundinamarca,2,0,1
4.0,5.0,Córdoba,0,0,1
4.0,5.0,Envigado,87,0,1
4.0,5.0,Huila,0,1,1
4.0,5.0,Medellin,1742,15,2
4.0,5.0,Nariño,0,0,1
4.0,5.0,Norte de Santander,1,1,1
4.0,5.0,Ocaña,1,0,1
4.0,5.0,Palmira,20,0,1
4.0,5.0,Planta Central,5,1,1
4.0,5.0,Putumayo,0,0,1
4.0,5.0,Quindío,2,1,1
4.0,5.0,Risaralda,3,0,1
4.0,5.0,Santander,0,0,1
4.0,5.0,Tolima,0,0,1
4.0,5.0,Valle del Cauca,7,0,1
4.0,6.0,Antioquia,12,0,1
4.0,6.0,Barranquilla,94,2,1
4.0,6.0,Bolívar,0,0,1
4.0,6.0,Boyacá,7,2,1
4.0,6.0,Bucaramanga,244,6,0
4.0,6.0,Caldas,0,0,1
4.0,6.0,Caquetá,4,1,1
4.0,6.0,Casanare,1,2,1
4.0,6.0,Cauca,5,2,1
4.0,6.0,Cesar,0,1,1
4.0,6.0,Cundinamarca,0,0,1
4.0,6.0,Córdoba,0,0,1
4.0,6.0,Envigado,82,1,1
4.0,6.0,Huila,3,2,1
4.0,6.0,Magdalena,0,0,1
4.0,6.0,Medellin,1556,9,2
4.0,6.0,Nariño,5,4,0
4.0,6.0,Norte de Santander,1,3,0
4.0,6.0,Ocaña,3,2,1
4.0,6.0,Palmira,2,0,1
4.0,6.0,Planta Central,5,4,0
4.0,6.0,Putumayo,1,0,1
4.0,6.0,Quindío,1,1,1
4.0,6.0,Risaralda,5,0,1
4.0,6.0,Santander,1,0,1
4.0,6.0,Sucre,0,1,1
4.0,6.0,Tolima,0,0,1
4.0,6.0,Valle del Cauca,10,0,1
4.0,7.0,Antioquia,10,2,1
4.0,7.0,Barranquilla,88,3,0
4.0,7.0,Bolívar,0,1,1
4.0,7.0,Boyacá,4,1,1
4.0,7.0,Bucaramanga,159,6,0
4.0,7.0,Caldas,0,0,1
4.0,7.0,Caquetá,4,0,1
4.0,7.0,Casanare,2,3,0
4.0,7.0,Cauca,4,1,1
4.0,7.0,Cesar,0,0,1
4.0,7.0,Chocó,2,0,1
4.0,7.0,Cundinamarca,2,0,1
4.0,7.0,Córdoba,0,0,1
4.0,7.0,Envigado,73,2,1
4.0,7.0,Guajira,0,1,1
4.0,7.0,Huila,3,0,1
4.0,7.0,Medellin,1364,16,2
4.0,7.0,Meta,1,0,1
4.0,7.0,Nariño,2,5,0
4.0,7.0,Norte de Santander,6,3,0
4.0,7.0,Ocaña,0,0,1
4.0,7.0,Palmira,5,1,1
4.0,7.0,Planta Central,7,1,1
4.0,7.0,Putumayo,0,0,1
4.0,7.0,Quindío,1,1,1
4.0,7.0,Risaralda,3,0,1
4.0,7.0,San Andres y Providencia,2,0,1
4.0,7.0,Santander,0,0,1
4.0,7.0,Sucre,1,0,1
4.0,7.0,Tolima,2,0,1
4.0,7.0,Valle del Cauca,19,0,1
5.0,1.0,Antioquia,13,0,1
5.0,1.0,Barranquilla,73,0,1
5.0,1.0,Bolívar,0,0,1
5.0,1.0,Boyacá,2,1,1
5.0,1.0,Bucaramanga,202,4,0
5.0,1.0,Caldas,1,0,1
5.0,1.0,Casanare,2,0,1
5.0,1.0,Cundinamarca,0,0,1
5.0,1.0,Córdoba,1,0,1
5.0,1.0,Envigado,77,0,1
5.0,1.0,Guajira,1,0,1
5.0,1.0,Huila,0,0,1
5.0,1.0,Magdalena,1,0,1
5.0,1.0,Medellin,1612,27,2
5.0,1.0,Nariño,0,2,1
5.0,1.0,Norte de Santander,2,0,1
5.0,1.0,Ocaña,1,0,1
5.0,1.0,Palmira,13,1,1
5.0,1.0,Planta Central,6,6,0
5.0,1.0,Putumayo,1,1,1
5.0,1.0,Quindío,1,1,1
5.0,1.0,Risaralda,1,0,1
5.0,1.0,San Andres y Providencia,2,0,1
5.0,1.0,Santander,0,0,1
5.0,1.0,Sucre,0,0,1
5.0,1.0,Tolima,0,0,1
5.0,1.0,Valle del Cauca,10,0,1
5.0,2.0,Antioquia,3,1,1
5.0,2.0,Barranquilla,90,0,1
5.0,2.0,Bolívar,2,0,1
5.0,2.0,Boyacá,0,1,1
5.0,2.0,Bucaramanga,203,11,0
5.0,2.0,Caldas,2,0,1
5.0,2.0,Caquetá,0,0,1
5.0,2.0,Casanare,0,0,1
5.0,2.0,Cauca,2,1,1
5.0,2.0,Cesar,0,0,1
5.0,2.0,Cundinamarca,1,0,1
5.0,2.0,Córdoba,1,0,1
5.0,2.0,Envigado,119,1,1
5.0,2.0,Huila,0,0,1
5.0,2.0,Magdalena,0,1,1
5.0,2.0,Medellin,1713,13,2
5.0,2.0,Meta,0,0,1
5.0,2.0,Nariño,0,0,1
5.0,2.0,Norte de Santander,1,1,1
5.0,2.0,Ocaña,1,0,1
5.0,2.0,Palmira,12,0,1
5.0,2.0,Planta Central,8,3,0
5.0,2.0,Putumayo,2,0,1
5.0,2.0,Risaralda,6,0,1
5.0,2.0,Santander,2,1,1
5.0,2.0,Sucre,2,0,1
5.0,2.0,Tolima,1,0,1
5.0,2.0,Valle del Cauca,13,1,1
5.0,3.0,Antioquia,7,0,1
5.0,3.0,Barranquilla,96,5,0
5.0,3.0,Boyacá,4,2,1
5.0,3.0,Bucaramanga,223,4,0
5.0,3.0,Caldas,1,0,1
5.0,3.0,Caquetá,2,1,1
5.0,3.0,Casanare,1,0,1
5.0,3.0,Cauca,1,1,1
5.0,3.0,Cesar,1,0,1
5.0,3.0,Chocó,1,0,1
5.0,3.0,Cundinamarca,0,1,1
5.0,3.0,Córdoba,1,0,1
5.0,3.0,Envigado,87,4,0
5.0,3.0,Guajira,2,0,1
5.0,3.0,Huila,2,0,1
5.0,3.0,Magdalena,0,0,1
5.0,3.0,Medellin,1945,19,2
5.0,3.0,Meta,1,0,1
5.0,3.0,Nariño,0,3,0
5.0,3.0,Norte de Santander,2,0,1
5.0,3.0,Ocaña,1,0,1
5.0,3.0,Palmira,1,1,1
5.0,3.0,Planta Central,2,2,1
5.0,3.0,Putumayo,1,0,1
5.0,3.0,Quindío,0,0,1
5.0,3.0,Risaralda,3,0,1
5.0,3.0,Santander,0,0,1
5.0,3.0,Sucre,0,0,1
5.0,3.0,Tolima,2,1,1
5.0,3.0,Valle del Cauca,19,0,1
5.0,4.0,Antioquia,7,0,1
5.0,4.0,Barranquilla,90,1,1
5.0,4.0,Boyacá,5,0,1
5.0,4.0,Bucaramanga,223,7,0
5.0,4.0,Caldas,4,1,1
5.0,4.0,Caquetá,2,0,1
5.0,4.0,Casanare,1,0,1
5.0,4.0,Cauca,4,0,1
5.0,4.0,Chocó,0,0,1
5.0,4.0,Cundinamarca,1,0,1
5.0,4.0,Córdoba,0,0,1
5.0,4.0,Envigado,91,2,1
5.0,4.0,Magdalena,0,1,1
5.0,4.0,Medellin,1787,11,2
5.0,4.0,Meta,1,1,1
5.0,4.0,Nariño,0,2,1
5.0,4.0,Norte de Santander,2,1,1
5.0,4.0,Ocaña,1,0,1
5.0,4.0,Palmira,11,0,1
5.0,4.0,Planta Central,8,3,0
5.0,4.0,Quindío,0,0,1
5.0,4.0,Risaralda,2,1,1
5.0,4.0,San Andres y Providencia,2,0,1
5.0,4.0,Santander,1,0,1
5.0,4.0,Tolima,2,0,1
5.0,4.0,Valle del Cauca,9,2,1
5.0,5.0,Antioquia,4,2,1
5.0,5.0,Barranquilla,80,3,0
5.0,5.0,Bolívar,0,0,1
5.0,5.0,Boyacá,4,0,1
5.0,5.0,Bucaramanga,194,11,0
5.0,5.0,Caldas,1,0,1
5.0,5.0,Caquetá,2,0,1
5.0,5.0,Casanare,4,0,1
5.0,5.0,Cauca,2,0,1
5.0,5.0,Cesar,1,0,1
5.0,5.0,Cundinamarca,0,0,1
5.0,5.0,Córdoba,1,1,1
5.0,5.0,Envigado,122,4,0
5.0,5.0,Guajira,1,0,1
5.0,5.0,Huila,2,1,1
5.0,5.0,Magdalena,1,0,1
5.0,5.0,Medellin,1790,23,2
5.0,5.0,Nariño,3,2,1
5.0,5.0,Norte de Santander,1,0,1
5.0,5.0,Ocaña,1,0,1
5.0,5.0,Palmira,21,0,1
5.0,5.0,Planta Central,9,4,0
5.0,5.0,Quindío,0,0,1
5.0,5.0,Risaralda,8,0,1
5.0,5.0,Santander,0,0,1
5.0,5.0,Tolima,1,0,1
5.0,5.0,Valle del Cauca,4,1,1
5.0,6.0,Antioquia,4,2,1
5.0,6.0,Barranquilla,91,2,1
5.0,6.0,Bolívar,0,0,1
5.0,6.0,Boyacá,6,1,1
5.0,6.0,Bucaramanga,240,5,0
5.0,6.0,Caldas,2,0,1
5.0,6.0,Caquetá,0,1,1
5.0,6.0,Casanare,1,0,1
5.0,6.0,Cauca,1,1,1
5.0,6.0,Cesar,2,0,1
5.0,6.0,Cundinamarca,2,0,1
5.0,6.0,Córdoba,0,0,1
5.0,6.0,Envigado,120,1,1
5.0,6.0,Guajira,1,1,1
5.0,6.0,Huila,2,0,1
5.0,6.0,Magdalena,1,0,1
5.0,6.0,Medellin,1724,21,2
5.0,6.0,Meta,0,0,1
5.0,6.0,Nariño,0,1,1
5.0,6.0,Norte de Santander,3,3,0
5.0,6.0,Ocaña,1,2,1
5.0,6.0,Palmira,5,0,1
5.0,6.0,Planta Central,11,4,0
5.0,6.0,Putumayo,3,0,1
5.0,6.0,Risaralda,5,1,1
5.0,6.0,Santander,3,1,1
5.0,6.0,Sucre,2,1,1
5.0,6.0,Tolima,1,2,1
5.0,6.0,Valle del Cauca,12,0,1
5.0,7.0,Antioquia,6,0,1
5.0,7.0,Barranquilla,72,7,0
5.0,7.0,Bolívar,1,0,1
5.0,7.0,Boyacá,2,1,1
5.0,7.0,Bucaramanga,178,8,0
5.0,7.0,Caldas,4,0,1
5.0,7.0,Casanare,0,0,1
5.0,7.0,Cauca,1,2,1
5.0,7.0,Chocó,0,0,1
5.0,7.0,Cundinamarca,0,0,1
5.0,7.0,Córdoba,7,1,1
5.0,7.0,Envigado,52,1,1
5.0,7.0,Huila,2,2,1
5.0,7.0,Medellin,1585,14,2
5.0,7.0,Meta,3,0,1
5.0,7.0,Nariño,2,5,0
5.0,7.0,Norte de Santander,3,1,1
5.0,7.0,Ocaña,1,0,1
5.0,7.0,Palmira,5,0,1
5.0,7.0,Planta Central,15,5,0
5.0,7.0,Putumayo,1,0,1
5.0,7.0,Quindío,1,0,1
5.0,7.0,Risaralda,4,0,1
5.0,7.0,Santander,1,0,1
5.0,7.0,Tolima,0,0,1
5.0,7.0,Valle del Cauca,12,1,1
6.0,1.0,Antioquia,4,1,1
6.0,1.0,Barranquilla,77,1,1
6.0,1.0,Boyacá,3,1,1
6.0,1.0,Bucaramanga,142,4,0
6.0,1.0,Caldas,1,0,1
6.0,1.0,Caquetá,4,1,1
6.0,1.0,Casanare,1,3,0
6.0,1.0,Cauca,2,1,1
6.0,1.0,Cesar,1,4,0
6.0,1.0,Cundinamarca,2,0,1
6.0,1.0,Córdoba,3,1,1
6.0,1.0,Envigado,85,5,0
6.0,1.0,Guajira,0,0,1
6.0,1.0,Huila,0,0,1
6.0,1.0,Magdalena,2,0,1
6.0,1.0,Medellin,1583,16,2
6.0,1.0,Nariño,4,3,0
6.0,1.0,Norte de Santander,0,1,1
6.0,1.0,Ocaña,1,0,1
6.0,1.0,Palmira,32,1,1
6.0,1.0,Planta Central,6,4,0
6.0,1.0,Putumayo,3,3,0
6.0,1.0,Quindío,4,0,1
6.0,1.0,Risaralda,14,0,1
6.0,1.0,San Andres y Providencia,2,0,1
6.0,1.0,Santander,1,0,1
6.0,1.0,Sucre,2,1,1
6.0,1.0,Tolima,0,0,1
6.0,1.0,Valle del Cauca,7,0,1
6.0,2.0,Antioquia,6,1,1
6.0,2.0,Barranquilla,92,5,0
6.0,2.0,Bolívar,2,0,1
6.0,2.0,Boyacá,6,0,1
6.0,2.0,Bucaramanga,186,4,0
6.0,2.0,Caldas,1,1,1
6.0,2.0,Caquetá,0,0,1
6.0,2.0,Casanare,2,1,1
6.0,2.0,Cauca,4,3,0
6.0,2.0,Cesar,1,1,1
6.0,2.0,Chocó,1,0,1
6.0,2.0,Cundinamarca,0,0,1
6.0,2.0,Córdoba,1,0,1
6.0,2.0,Envigado,91,2,1
6.0,2.0,Huila,0,0,1
6.0,2.0,Magdalena,1,0,1
6.0,2.0,Medellin,1734,14,2
6.0,2.0,Nariño,3,3,0
6.0,2.0,Norte de Santander,0,0,1
6.0,2.0,Palmira,21,0,1
6.0,2.0,Planta Central,5,2,1
6.0,2.0,Putumayo,1,0,1
6.0,2.0,Quindío,4,0,1
6.0,2.0,Risaralda,10,0,1
6.0,2.0,Santander,7,1,1
6.0,2.0,Sucre,0,2,1
6.0,2.0,Tolima,0,0,1
6.0,2.0,Valle del Cauca,19,0,1
6.0,3.0,Antioquia,11,0,1
6.0,3.0,Barranquilla,86,3,0
6.0,3.0,Bolívar,0,0,1
6.0,3.0,Boyacá,5,1,1
6.0,3.0,Bucaramanga,184,7,0
6.0,3.0,Caldas,4,1,1
6.0,3.0,Caquetá,3,0,1
6.0,3.0,Casanare,3,0,1
6.0,3.0,Cauca,1,0,1
6.0,3.0,Cesar,1,0,1
6.0,3.0,Chocó,0,1,1
6.0,3.0,Cundinamarca,2,0,1
6.0,3.0,Córdoba,1,0,1
6.0,3.0,Envigado,96,1,1
6.0,3.0,Huila,0,0,1
6.0,3.0,Magdalena,1,0,1
6.0,3.0,Medellin,1669,22,2
6.0,3.0,Meta,0,1,1
6.0,3.0,Nariño,1,0,1
6.0,3.0,Norte de Santander,1,0,1
6.0,3.0,Ocaña,1,0,1
6.0,3.0,Palmira,16,0,1
6.0,3.0,Planta Central,10,3,0
6.0,3.0,Quindío,3,0,1
6.0,3.0,Risaralda,1,0,1
6.0,3.0,Santander,4,0,1
6.0,3.0,Sucre,0,0,1
6.0,3.0,Tolima,1,1,1
6.0,3.0,Valle del Cauca,9,2,1
6.0,4.0,Antioquia,14,1,1
6.0,4.0,Barranquilla,75,0,1
6.0,4.0,Boyacá,7,0,1
6.0,4.0,Bucaramanga,188,4,0
6.0,4.0,Caldas,6,1,1
6.0,4.0,Caquetá,3,0,1
6.0,4.0,Casanare,1,1,1
6.0,4.0,Cauca,2,1,1
6.0,4.0,Cesar,0,0,1
6.0,4.0,Cundinamarca,0,1,1
6.0,4.0,Córdoba,1,1,1
6.0,4.0,Envigado,91,4,0
6.0,4.0,Guajira,0,0,1
6.0,4.0,Huila,1,0,1
6.0,4.0,Magdalena,5,0,1
6.0,4.0,Medellin,1622,12,2
6.0,4.0,Nariño,1,0,1
6.0,4.0,Norte de Santander,4,0,1
6.0,4.0,Ocaña,1,0,1
6.0,4.0,Palmira,15,0,1
6.0,4.0,Planta Central,9,4,0
6.0,4.0,Putumayo,0,0,1
6.0,4.0,Quindío,2,2,1
6.0,4.0,Risaralda,3,0,1
6.0,4.0,Santander,7,0,1
6.0,4.0,Tolima,0,0,1
6.0,4.0,Valle del Cauca,13,4,0
6.0,5.0,Antioquia,9,0,1
6.0,5.0,Barranquilla,83,5,0
6.0,5.0,Boyacá,10,2,1
6.0,5.0,Bucaramanga,211,8,0
6.0,5.0,Caldas,5,1,1
6.0,5.0,Caquetá,1,1,1
6.0,5.0,Casanare,5,1,1
6.0,5.0,Cauca,3,0,1
6.0,5.0,Cesar,1,1,1
6.0,5.0,Chocó,2,0,1
6.0,5.0,Cundinamarca,2,2,1
6.0,5.0,Córdoba,3,0,1
6.0,5.0,Envigado,99,0,1
6.0,5.0,Guajira,1,0,1
6.0,5.0,Huila,0,1,1
6.0,5.0,Medellin,1675,17,2
6.0,5.0,Nariño,3,3,0
6.0,5.0,Norte de Santander,0,0,1
6.0,5.0,Ocaña,0,0,1
6.0,5.0,Palmira,10,0,1
6.0,5.0,Planta Central,10,5,0
6.0,5.0,Putumayo,1,0,1
6.0,5.0,Quindío,3,0,1
6.0,5.0,Risaralda,6,0,1
6.0,5.0,Santander,7,1,1
6.0,5.0,Sucre,1,0,1
6.0,5.0,Tolima,0,0,1
6.0,5.0,Valle del Cauca,11,0,1
6.0,6.0,Antioquia,14,1,1
6.0,6.0,Barranquilla,90,3,0
6.0,6.0,Bolívar,3,1,1
6.0,6.0,Boyacá,6,0,1
6.0,6.0,Bucaramanga,227,8,0
6.0,6.0,Caldas,2,0,1
6.0,6.0,Caquetá,2,1,1
6.0,6.0,Casanare,3,2,1
6.0,6.0,Cauca,2,3,0
6.0,6.0,Cesar,0,1,1
6.0,6.0,Cundinamarca,0,2,1
6.0,6.0,Córdoba,0,1,1
6.0,6.0,Envigado,92,2,1
6.0,6.0,Guajira,0,0,1
6.0,6.0,Medellin,1748,27,2
6.0,6.0,Meta,1,0,1
6.0,6.0,Nariño,0,1,1
6.0,6.0,Norte de Santander,2,5,0
6.0,6.0,Ocaña,1,0,1
6.0,6.0,Palmira,12,0,1
6.0,6.0,Planta Central,9,4,0
6.0,6.0,Putumayo,1,1,1
6.0,6.0,Quindío,3,0,1
6.0,6.0,Risaralda,6,0,1
6.0,6.0,Santander,4,1,1
6.0,6.0,Sucre,0,1,1
6.0,6.0,Tolima,0,0,1
6.0,6.0,Valle del Cauca,20,3,0
6.0,7.0,Antioquia,8,0,1
6.0,7.0,Barranquilla,77,4,0
6.0,7.0,Bolívar,3,1,1
6.0,7.0,Boyacá,8,2,1
6.0,7.0,Bucaramanga,150,8,0
6.0,7.0,Caldas,4,0,1
6.0,7.0,Caquetá,3,0,1
6.0,7.0,Casanare,8,2,1
6.0,7.0,Cauca,2,0,1
6.0,7.0,Cesar,1,1,1
6.0,7.0,Chocó,2,1,1
6.0,7.0,Cundinamarca,1,0,1
6.0,7.0,Córdoba,1,1,1
6.0,7.0,Envigado,56,1,1
6.0,7.0,Guajira,0,0,1
6.0,7.0,Huila,2,2,1
6.0,7.0,Magdalena,1,0,1
6.0,7.0,Medellin,1604,19,2
6.0,7.0,Meta,1,0,1
6.0,7.0,Nariño,0,8,0
6.0,7.0,Norte de Santander,2,3,0
6.0,7.0,Ocaña,1,1,1
6.0,7.0,Palmira,9,0,1
6.0,7.0,Planta Central,10,5,0
6.0,7.0,Putumayo,1,0,1
6.0,7.0,Quindío,1,1,1
6.0,7.0,Risaralda,1,0,1
6.0,7.0,San Andres y Providencia,2,0,1
6.0,7.0,Santander,7,0,1
6.0,7.0,Sucre,0,0,1
6.0,7.0,Tolima,0,0,1
6.0,7.0,Valle del Cauca,8,0,1
7.0,1.0,Antioquia,18,1,1
7.0,1.0,Barranquilla,105,2,1
7.0,1.0,Bolívar,1,0,1
7.0,1.0,Boyacá,7,2,1
7.0,1.0,Bucaramanga,166,2,1
7.0,1.0,Caldas,4,0,1
7.0,1.0,Caquetá,4,1,1
7.0,1.0,Casanare,4,1,1
7.0,1.0,Cauca,7,1,1
7.0,1.0,Cesar,3,0,1
7.0,1.0,Córdoba,2,0,1
7.0,1.0,Envigado,85,1,1
7.0,1.0,Huila,1,2,1
7.0,1.0,Medellin,2110,17,2
7.0,1.0,Meta,2,0,1
7.0,1.0,Nariño,5,4,0
7.0,1.0,Norte de Santander,1,2,1
7.0,1.0,Ocaña,2,0,1
7.0,1.0,Palmira,15,0,1
7.0,1.0,Planta Central,11,6,0
7.0,1.0,Putumayo,4,0,1
7.0,1.0,Quindío,0,0,1
7.0,1.0,Risaralda,13,0,1
7.0,1.0,San Andres y Providencia,2,0,1
7.0,1.0,Santander,6,2,1
7.0,1.0,Tolima,1,0,1
7.0,1.0,Valle del Cauca,1,0,1
7.0,2.0,Antioquia,6,0,1
7.0,2.0,Atlántico,1,0,1
7.0,2.0,Barranquilla,82,1,1
7.0,2.0,Bolívar,1,1,1
7.0,2.0,Boyacá,4,0,1
7.0,2.0,Bucaramanga,221,4,0
7.0,2.0,Caldas,6,2,1
7.0,2.0,Caquetá,4,0,1
7.0,2.0,Casanare,1,3,0
7.0,2.0,Cauca,3,0,1
7.0,2.0,Cesar,1,0,1
7.0,2.0,Chocó,1,0,1
7.0,2.0,Cundinamarca,0,1,1
7.0,2.0,Córdoba,2,0,1
7.0,2.0,Envigado,101,1,1
7.0,2.0,Guajira,0,0,1
7.0,2.0,Huila,1,0,1
7.0,2.0,Medellin,2111,24,2
7.0,2.0,Meta,1,0,1
7.0,2.0,Nariño,4,1,1
7.0,2.0,Norte de Santander,0,1,1
7.0,2.0,Ocaña,0,1,1
7.0,2.0,Palmira,13,0,1
7.0,2.0,Planta Central,1,4,0
7.0,2.0,Putumayo,1,0,1
7.0,2.0,Quindío,3,0,1
7.0,2.0,Risaralda,14,0,1
7.0,2.0,Santander,7,1,1
7.0,2.0,Sucre,0,0,1
7.0,2.0,Tolima,5,0,1
7.0,2.0,Valle del Cauca,3,0,1
7.0,3.0,Antioquia,10,3,0
7.0,3.0,Barranquilla,80,2,1
7.0,3.0,Bolívar,1,0,1
7.0,3.0,Boyacá,5,0,1
7.0,3.0,Bucaramanga,195,2,1
7.0,3.0,Caldas,4,0,1
7.0,3.0,Caquetá,2,0,1
7.0,3.0,Casanare,2,1,1
7.0,3.0,Cauca,4,1,1
7.0,3.0,Cesar,1,1,1
7.0,3.0,Chocó,1,1,1
7.0,3.0,Cundinamarca,0,0,1
7.0,3.0,Córdoba,1,0,1
7.0,3.0,Envigado,81,4,0
7.0,3.0,Guajira,1,0,1
7.0,3.0,Huila,0,0,1
7.0,3.0,Medellin,2038,17,2
7.0,3.0,Meta,1,0,1
7.0,3.0,Nariño,1,2,1
7.0,3.0,Norte de Santander,1,0,1
7.0,3.0,Ocaña,1,0,1
7.0,3.0,Palmira,18,0,1
7.0,3.0,Planta Central,7,2,1
7.0,3.0,Putumayo,3,0,1
7.0,3.0,Quindío,5,0,1
7.0,3.0,Risaralda,15,0,1
7.0,3.0,Santander,1,2,1
7.0,3.0,Sucre,2,0,1
7.0,3.0,Tolima,1,0,1
7.0,3.0,Valle del Cauca,6,1,1
7.0,4.0,Antioquia,8,1,1
7.0,4.0,Barranquilla,80,0,1
7.0,4.0,Boyacá,4,0,1
7.0,4.0,Bucaramanga,196,3,0
7.0,4.0,Caldas,6,1,1
7.0,4.0,Caquetá,2,0,1
7.0,4.0,Casanare,1,0,1
7.0,4.0,Cauca,8,2,1
7.0,4.0,Cesar,2,0,1
7.0,4.0,Chocó,1,0,1
7.0,4.0,Cundinamarca,1,0,1
7.0,4.0,Córdoba,0,1,1
7.0,4.0,Envigado,113,0,1
7.0,4.0,Guajira,1,0,1
7.0,4.0,Huila,0,0,1
7.0,4.0,Medellin,2000,17,2
7.0,4.0,Meta,0,1,1
7.0,4.0,Nariño,4,6,0
7.0,4.0,Norte de Santander,1,0,1
7.0,4.0,Ocaña,2,0,1
7.0,4.0,Palmira,13,1,1
7.0,4.0,Planta Central,6,3,0
7.0,4.0,Putumayo,0,0,1
7.0,4.0,Quindío,2,0,1
7.0,4.0,Risaralda,8,2,1
7.0,4.0,Santander,5,1,1
7.0,4.0,Sucre,0,0,1
7.0,4.0,Tolima,1,0,1
7.0,4.0,Valle del Cauca,2,0,1
7.0,5.0,Antioquia,10,1,1
7.0,5.0,Barranquilla,83,3,0
7.0,5.0,Boyacá,8,0,1
7.0,5.0,Bucaramanga,204,4,0
7.0,5.0,Caldas,8,1,1
7.0,5.0,Caquetá,2,0,1
7.0,5.0,Casanare,1,0,1
7.0,5.0,Cauca,3,1,1
7.0,5.0,Cesar,2,1,1
7.0,5.0,Chocó,1,1,1
7.0,5.0,Cundinamarca,1,0,1
7.0,5.0,Córdoba,1,0,1
7.0,5.0,Envigado,83,1,1
7.0,5.0,Huila,4,0,1
7.0,5.0,Magdalena,1,0,1
7.0,5.0,Medellin,1958,14,2
7.0,5.0,Meta,0,0,1
7.0,5.0,Nariño,5,0,1
7.0,5.0,Norte de Santander,1,2,1
7.0,5.0,Ocaña,0,0,1
7.0,5.0,Palmira,9,0,1
7.0,5.0,Planta Central,7,4,0
7.0,5.0,Putumayo,2,0,1
7.0,5.0,Quindío,2,0,1
7.0,5.0,Risaralda,6,1,1
7.0,5.0,Santander,4,1,1
7.0,5.0,Tolima,1,0,1
7.0,5.0,Valle del Cauca,1,0,1
7.0,6.0,Antioquia,14,0,1
7.0,6.0,Barranquilla,77,5,0
7.0,6.0,Boyacá,9,3,0
7.0,6.0,Bucaramanga,219,11,0
7.0,6.0,Caldas,7,1,1
7.0,6.0,Caquetá,1,0,1
7.0,6.0,Casanare,7,6,0
7.0,6.0,Cauca,4,0,1
7.0,6.0,Cesar,0,1,1
7.0,6.0,Chocó,0,0,1
7.0,6.0,Cundinamarca,0,0,1
7.0,6.0,Córdoba,0,1,1
7.0,6.0,Envigado,100,0,1
7.0,6.0,Guajira,2,0,1
7.0,6.0,Huila,1,2,1
7.0,6.0,Medellin,1799,30,2
7.0,6.0,Meta,1,1,1
7.0,6.0,Nariño,2,3,0
7.0,6.0,Norte de Santander,2,0,1
7.0,6.0,Ocaña,3,2,1
7.0,6.0,Palmira,19,1,1
7.0,6.0,Planta Central,7,4,0
7.0,6.0,Putumayo,2,0,1
7.0,6.0,Quindío,3,0,1
7.0,6.0,Risaralda,6,0,1
7.0,6.0,San Andres y Providencia,1,0,1
7.0,6.0,Santander,5,1,1
7.0,6.0,Sucre,1,1,1
7.0,6.0,Tolima,2,0,1
7.0,6.0,Valle del Cauca,4,1,1
7.0,7.0,Antioquia,21,3,0
7.0,7.0,Barranquilla,88,6,0
7.0,7.0,Bolívar,1,0,1
7.0,7.0,Boyacá,2,2,1
7.0,7.0,Bucaramanga,181,9,0
7.0,7.0,Caldas,4,1,1
7.0,7.0,Caquetá,1,1,1
7.0,7.0,Casanare,6,2,1
7.0,7.0,Cauca,5,2,1
7.0,7.0,Cesar,0,1,1
7.0,7.0,Chocó,2,3,0
7.0,7.0,Cundinamarca,0,0,1
7.0,7.0,Córdoba,3,1,1
7.0,7.0,Envigado,81,1,1
7.0,7.0,Huila,4,2,1
7.0,7.0,Magdalena,0,0,1
7.0,7.0,Medellin,1603,23,2
7.0,7.0,Meta,0,1,1
7.0,7.0,Nariño,7,5,0
7.0,7.0,Norte de Santander,3,3,0
7.0,7.0,Ocaña,1,1,1
7.0,7.0,Palmira,10,0,1
7.0,7.0,Planta Central,11,6,0
7.0,7.0,Putumayo,0,1,1
7.0,7.0,Quindío,2,1,1
7.0,7.0,Risaralda,6,1,1
7.0,7.0,San Andres y Providencia,2,0,1
7.0,7.0,Santander,7,3,0
7.0,7.0,Sucre,1,1,1
7.0,7.0,Tolima,1,0,1
7.0,7.0,Valle del Cauca,8,0,1
8.0,1.0,Antioquia,8,0,1
8.0,1.0,Atlántico,0,1,1
8.0,1.0,Barranquilla,102,3,0
8.0,1.0,Bolívar,1,0,1
8.0,1.0,Boyacá,9,1,1
8.0,1.0,Bucaramanga,217,4,0
8.0,1.0,Caldas,2,1,1
8.0,1.0,Caquetá,1,0,1
8.0,1.0,Casanare,4,0,1
8.0,1.0,Cauca,7,3,0
8.0,1.0,Cesar,2,2,1
8.0,1.0,Chocó,2,0,1
8.0,1.0,Cundinamarca,2,0,1
8.0,1.0,Córdoba,2,0,1
8.0,1.0,Envigado,71,1,1
8.0,1.0,Guajira,0,0,1
8.0,1.0,Huila,1,0,1
8.0,1.0,Medellin,2051,22,2
8.0,1.0,Meta,1,0,1
8.0,1.0,Nariño,3,4,0
8.0,1.0,Norte de Santander,2,1,1
8.0,1.0,Ocaña,2,0,1
8.0,1.0,Palmira,7,0,1
8.0,1.0,Planta Central,7,2,1
8.0,1.0,Putumayo,3,1,1
8.0,1.0,Quindío,4,2,1
8.0,1.0,Risaralda,11,1,1
8.0,1.0,San Andres y Providencia,2,0,1
8.0,1.0,Santander,2,0,1
8.0,1.0,Sucre,0,0,1
8.0,1.0,Tolima,4,0,1
8.0,1.0,Valle del Cauca,0,0,1
8.0,2.0,Antioquia,7,1,1
8.0,2.0,Barranquilla,97,4,0
8.0,2.0,Boyacá,3,0,1
8.0,2.0,Bucaramanga,215,5,0
8.0,2.0,Caldas,1,0,1
8.0,2.0,Caquetá,2,0,1
8.0,2.0,Casanare,0,0,1
8.0,2.0,Cauca,3,0,1
8.0,2.0,Cesar,2,0,1
8.0,2.0,Chocó,1,0,1
8.0,2.0,Cundinamarca,0,0,1
8.0,2.0,Córdoba,0,1,1
8.0,2.0,Envigado,80,0,1
8.0,2.0,Guajira,1,0,1
8.0,2.0,Huila,2,0,1
8.0,2.0,Medellin,1942,15,2
8.0,2.0,Meta,1,2,1
8.0,2.0,Nariño,2,2,1
8.0,2.0,Norte de Santander,2,1,1
8.0,2.0,Ocaña,2,0,1
8.0,2.0,Palmira,12,0,1
8.0,2.0,Planta Central,6,1,1
8.0,2.0,Putumayo,2,0,1
8.0,2.0,Quindío,6,0,1
8.0,2.0,Risaralda,7,1,1
8.0,2.0,San Andres y Providencia,2,0,1
8.0,2.0,Santander,2,1,1
8.0,2.0,Tolima,1,0,1
8.0,2.0,Valle del Cauca,2,2,1
8.0,3.0,Antioquia,15,0,1
8.0,3.0,Barranquilla,93,5,0
8.0,3.0,Bolívar,0,0,1
8.0,3.0,Boyacá,4,2,1
8.0,3.0,Bucaramanga,220,3,0
8.0,3.0,Caldas,2,0,1
8.0,3.0,Caquetá,2,0,1
8.0,3.0,Casanare,3,2,1
8.0,3.0,Cauca,3,0,1
8.0,3.0,Cesar,0,1,1
8.0,3.0,Cundinamarca,1,0,1
8.0,3.0,Córdoba,0,0,1
8.0,3.0,Envigado,93,0,1
8.0,3.0,Huila,0,0,1
8.0,3.0,Medellin,1964,18,2
8.0,3.0,Meta,2,0,1
8.0,3.0,Nariño,3,2,1
8.0,3.0,Norte de Santander,2,0,1
8.0,3.0,Ocaña,1,0,1
8.0,3.0,Palmira,5,0,1
8.0,3.0,Planta Central,10,2,1
8.0,3.0,Putumayo,7,0,1
8.0,3.0,Quindío,3,1,1
8.0,3.0,Risaralda,14,0,1
8.0,3.0,Santander,2,0,1
8.0,3.0,Sucre,0,1,1
8.0,3.0,Tolima,1,1,1
8.0,3.0,Valle del Cauca,5,1,1
8.0,4.0,Antioquia,13,1,1
8.0,4.0,Barranquilla,116,2,1
8.0,4.0,Boyacá,5,1,1
8.0,4.0,Bucaramanga,199,5,0
8.0,4.0,Caldas,5,1,1
8.0,4.0,Caquetá,5,0,1
8.0,4.0,Casanare,3,0,1
8.0,4.0,Cauca,5,1,1
8.0,4.0,Cesar,0,2,1
8.0,4.0,Chocó,1,0,1
8.0,4.0,Cundinamarca,0,0,1
8.0,4.0,Córdoba,2,0,1
8.0,4.0,Envigado,79,3,0
8.0,4.0,Huila,0,0,1
8.0,4.0,Medellin,2227,22,2
8.0,4.0,Meta,0,3,0
8.0,4.0,Nariño,1,4,0
8.0,4.0,Norte de Santander,4,3,0
8.0,4.0,Ocaña,1,1,1
8.0,4.0,Palmira,16,0,1
8.0,4.0,Planta Central,5,3,0
8.0,4.0,Putumayo,1,0,1
8.0,4.0,Quindío,7,0,1
8.0,4.0,Risaralda,10,0,1
8.0,4.0,Santander,1,0,1
8.0,4.0,Sucre,1,1,1
8.0,4.0,Tolima,1,0,1
8.0,4.0,Valle del Cauca,3,1,1
8.0,5.0,Antioquia,7,2,1
8.0,5.0,Barranquilla,111,0,1
8.0,5.0,Bolívar,1,0,1
8.0,5.0,Boyacá,5,1,1
8.0,5.0,Bucaramanga,261,10,0
8.0,5.0,Caldas,3,1,1
8.0,5.0,Caquetá,10,0,1
8.0,5.0,Casanare,4,2,1
8.0,5.0,Cauca,6,4,0
8.0,5.0,Cesar,1,2,1
8.0,5.0,Chocó,1,0,1
8.0,5.0,Cundinamarca,0,2,1
8.0,5.0,Córdoba,1,1,1
8.0,5.0,Envigado,112,0,1
8.0,5.0,Guajira,1,0,1
8.0,5.0,Huila,2,0,1
8.0,5.0,Medellin,2228,24,2
8.0,5.0,Meta,2,0,1
8.0,5.0,Nariño,1,0,1
8.0,5.0,Norte de Santander,0,0,1
8.0,5.0,Ocaña,0,0,1
8.0,5.0,Palmira,11,2,1
8.0,5.0,Planta Central,13,1,1
8.0,5.0,Putumayo,3,1,1
8.0,5.0,Quindío,2,0,1
8.0,5.0,Risaralda,9,1,1
8.0,5.0,Santander,3,0,1
8.0,5.0,Sucre,0,1,1
8.0,5.0,Tolima,1,0,1
8.0,5.0,Valle del Cauca,1,1,1
8.0,6.0,Antioquia,18,0,1
8.0,6.0,Barranquilla,100,2,1
8.0,6.0,Bolívar,1,0,1
8.0,6.0,Boyacá,7,1,1
8.0,6.0,Bucaramanga,234,12,0
8.0,6.0,Caldas,6,1,1
8.0,6.0,Caquetá,2,2,1
8.0,6.0,Casanare,2,2,1
8.0,6.0,Cauca,13,2,1
8.0,6.0,Cesar,1,2,1
8.0,6.0,Cundinamarca,4,4,0
8.0,6.0,Córdoba,1,1,1
8.0,6.0,Envigado,95,2,1
8.0,6.0,Guajira,0,0,1
8.0,6.0,Huila,2,0,1
8.0,6.0,Medellin,2091,19,2
8.0,6.0,Meta,2,0,1
8.0,6.0,Nariño,2,5,0
8.0,6.0,Norte de Santander,0,1,1
8.0,6.0,Ocaña,2,0,1
8.0,6.0,Palmira,24,0,1
8.0,6.0,Planta Central,6,6,0
8.0,6.0,Putumayo,1,2,1
8.0,6.0,Quindío,0,2,1
8.0,6.0,Risaralda,20,0,1
8.0,6.0,Santander,1,2,1
8.0,6.0,Sucre,0,0,1
8.0,6.0,Tolima,2,0,1
8.0,6.0,Valle del Cauca,5,1,1
8.0,7.0,Antioquia,13,0,1
8.0,7.0,Barranquilla,97,5,0
8.0,7.0,Boyacá,7,5,0
8.0,7.0,Bucaramanga,145,8,0
8.0,7.0,Caldas,2,0,1
8.0,7.0,Caquetá,6,5,0
8.0,7.0,Casanare,4,2,1
8.0,7.0,Cauca,10,3,0
8.0,7.0,Cesar,1,0,1
8.0,7.0,Chocó,1,0,1
8.0,7.0,Cundinamarca,1,1,1
8.0,7.0,Córdoba,5,0,1
8.0,7.0,Envigado,69,8,0
8.0,7.0,Guajira,0,0,1
8.0,7.0,Huila,2,2,1
8.0,7.0,Medellin,1662,27,2
8.0,7.0,Meta,7,3,0
8.0,7.0,Nariño,6,5,0
8.0,7.0,Norte de Santander,0,1,1
8.0,7.0,Ocaña,2,0,1
8.0,7.0,Palmira,20,2,1
8.0,7.0,Planta Central,14,9,0
8.0,7.0,Putumayo,1,0,1
8.0,7.0,Quindío,4,3,0
8.0,7.0,Risaralda,8,0,1
8.0,7.0,Santander,2,4,0
8.0,7.0,Sucre,0,0,1
8.0,7.0,Tolima,3,1,1
8.0,7.0,Valle del Cauca,8,5,0
9.0,1.0,Antioquia,12,0,1
9.0,1.0,Barranquilla,120,7,0
9.0,1.0,Boyacá,8,2,1
9.0,1.0,Bucaramanga,186,7,0
9.0,1.0,Caldas,4,0,1
9.0,1.0,Caquetá,1,2,1
9.0,1.0,Casanare,1,1,1
9.0,1.0,Cauca,8,1,1
9.0,1.0,Cesar,0,1,1
9.0,1.0,Chocó,2,0,1
9.0,1.0,Cundinamarca,0,0,1
9.0,1.0,Córdoba,2,0,1
9.0,1.0,Envigado,77,1,1
9.0,1.0,Guajira,1,0,1
9.0,1.0,Huila,3,2,1
9.0,1.0,Medellin,1887,9,2
9.0,1.0,Nariño,7,3,0
9.0,1.0,Norte de Santander,2,0,1
9.0,1.0,Palmira,13,0,1
9.0,1.0,Planta Central,18,1,1
9.0,1.0,Putumayo,6,0,1
9.0,1.0,Quindío,2,2,1
9.0,1.0,Risaralda,10,1,1
9.0,1.0,Santander,3,2,1
9.0,1.0,Sucre,1,1,1
9.0,1.0,Valle del Cauca,1,5,0
9.0,2.0,Antioquia,16,0,1
9.0,2.0,Barranquilla,119,0,1
9.0,2.0,Bolívar,2,0,1
9.0,2.0,Boyacá,8,1,1
9.0,2.0,Bucaramanga,199,4,0
9.0,2.0,Caldas,3,0,1
9.0,2.0,Caquetá,5,0,1
9.0,2.0,Casanare,3,0,1
9.0,2.0,Cauca,2,0,1
9.0,2.0,Cesar,0,0,1
9.0,2.0,Chocó,2,0,1
9.0,2.0,Cundinamarca,1,0,1
9.0,2.0,Córdoba,1,0,1
9.0,2.0,Envigado,115,0,1
9.0,2.0,Guajira,0,0,1
9.0,2.0,Huila,2,0,1
9.0,2.0,Medellin,1850,23,2
9.0,2.0,Meta,3,1,1
9.0,2.0,Nariño,0,0,1
9.0,2.0,Norte de Santander,1,0,1
9.0,2.0,Ocaña,1,0,1
9.0,2.0,Palmira,24,0,1
9.0,2.0,Planta Central,6,0,1
9.0,2.0,Putumayo,3,0,1
9.0,2.0,Quindío,1,0,1
9.0,2.0,Risaralda,11,1,1
9.0,2.0,Santander,7,0,1
9.0,2.0,Tolima,2,0,1
9.0,2.0,Valle del Cauca,4,1,1
9.0,3.0,Antioquia,10,0,1
9.0,3.0,Barranquilla,109,6,0
9.0,3.0,Boyacá,8,4,0
9.0,3.0,Bucaramanga,189,5,0
9.0,3.0,Caldas,3,0,1
9.0,3.0,Caquetá,3,1,1
9.0,3.0,Casanare,1,1,1
9.0,3.0,Cauca,5,0,1
9.0,3.0,Cesar,1,2,1
9.0,3.0,Cundinamarca,0,0,1
9.0,3.0,Córdoba,1,1,1
9.0,3.0,Envigado,109,2,1
9.0,3.0,Guajira,2,1,1
9.0,3.0,Huila,2,0,1
9.0,3.0,Magdalena,1,0,1
9.0,3.0,Medellin,1942,11,2
9.0,3.0,Meta,0,0,1
9.0,3.0,Nariño,1,0,1
9.0,3.0,Norte de Santander,2,1,1
9.0,3.0,Ocaña,0,0,1
9.0,3.0,Palmira,30,0,1
9.0,3.0,Planta Central,10,2,1
9.0,3.0,Putumayo,3,2,1
9.0,3.0,Quindío,2,0,1
9.0,3.0,Risaralda,9,1,1
9.0,3.0,Santander,3,0,1
9.0,3.0,Sucre,1,0,1
9.0,3.0,Tolima,1,0,1
9.0,3.0,Valle del Cauca,4,1,1
9.0,4.0,Antioquia,19,2,1
9.0,4.0,Barranquilla,89,1,1
9.0,4.0,Boyacá,6,0,1
9.0,4.0,Bucaramanga,237,7,0
9.0,4.0,Caldas,2,0,1
9.0,4.0,Caquetá,2,0,1
9.0,4.0,Casanare,2,0,1
9.0,4.0,Cauca,3,0,1
9.0,4.0,Cesar,2,2,1
9.0,4.0,Chocó,0,0,1
9.0,4.0,Cundinamarca,0,0,1
9.0,4.0,Córdoba,1,0,1
9.0,4.0,Envigado,98,2,1
9.0,4.0,Huila,1,0,1
9.0,4.0,Magdalena,1,0,1
9.0,4.0,Medellin,1902,12,2
9.0,4.0,Nariño,3,0,1
9.0,4.0,Norte de Santander,3,0,1
9.0,4.0,Ocaña,0,0,1
9.0,4.0,Palmira,20,0,1
9.0,4.0,Planta Central,12,4,0
9.0,4.0,Putumayo,3,0,1
9.0,4.0,Quindío,2,0,1
9.0,4.0,Risaralda,6,2,1
9.0,4.0,Santander,4,0,1
9.0,4.0,Tolima,0,1,1
9.0,4.0,Valle del Cauca,3,5,0
9.0,5.0,Antioquia,16,1,1
9.0,5.0,Barranquilla,113,2,1
9.0,5.0,Bolívar,0,0,1
9.0,5.0,Boyacá,8,1,1
9.0,5.0,Bucaramanga,223,2,1
9.0,5.0,Caldas,3,0,1
9.0,5.0,Caquetá,2,2,1
9.0,5.0,Casanare,3,4,0
9.0,5.0,Cauca,4,0,1
9.0,5.0,Cesar,1,0,1
9.0,5.0,Cundinamarca,0,0,1
9.0,5.0,Córdoba,1,1,1
9.0,5.0,Envigado,104,0,1
9.0,5.0,Guajira,1,0,1
9.0,5.0,Huila,1,0,1
9.0,5.0,Medellin,1976,19,2
9.0,5.0,Meta,2,0,1
9.0,5.0,Nariño,10,1,1
9.0,5.0,Norte de Santander,0,1,1
9.0,5.0,Ocaña,1,0,1
9.0,5.0,Palmira,19,1,1
9.0,5.0,Planta Central,9,3,0
9.0,5.0,Putumayo,1,0,1
9.0,5.0,Quindío,2,0,1
9.0,5.0,Risaralda,6,0,1
9.0,5.0,San Andres y Providencia,1,0,1
9.0,5.0,Santander,5,0,1
9.0,5.0,Tolima,2,0,1
9.0,5.0,Valle del Cauca,3,2,1
9.0,6.0,Antioquia,26,1,1
9.0,6.0,Atlántico,1,1,1
9.0,6.0,Barranquilla,122,6,0
9.0,6.0,Boyacá,7,2,1
9.0,6.0,Bucaramanga,265,8,0
9.0,6.0,Caldas,3,0,1
9.0,6.0,Caquetá,4,2,1
9.0,6.0,Casanare,1,1,1
9.0,6.0,Cauca,3,0,1
9.0,6.0,Cesar,0,0,1
9.0,6.0,Chocó,2,0,1
9.0,6.0,Cundinamarca,2,1,1
9.0,6.0,Córdoba,3,0,1
9.0,6.0,Envigado,95,4,0
9.0,6.0,Guajira,1,0,1
9.0,6.0,Huila,1,0,1
9.0,6.0,Magdalena,1,0,1
9.0,6.0,Medellin,1843,18,2
9.0,6.0,Meta,1,1,1
9.0,6.0,Nariño,3,3,0
9.0,6.0,Norte de Santander,1,0,1
9.0,6.0,Ocaña,2,0,1
9.0,6.0,Palmira,10,0,1
9.0,6.0,Planta Central,12,6,0
9.0,6.0,Putumayo,4,0,1
9.0,6.0,Quindío,5,1,1
9.0,6.0,Risaralda,8,0,1
9.0,6.0,San Andres y Providencia,2,0,1
9.0,6.0,Santander,6,1,1
9.0,6.0,Tolima,1,2,1
9.0,6.0,Valle del Cauca,3,0,1
9.0,7.0,Antioquia,15,3,0
9.0,7.0,Barranquilla,101,6,0
9.0,7.0,Bolívar,0,2,1
9.0,7.0,Boyacá,1,2,1
9.0,7.0,Bucaramanga,188,6,0
9.0,7.0,Caldas,4,0,1
9.0,7.0,Caquetá,3,1,1
9.0,7.0,Casanare,0,0,1
9.0,7.0,Cauca,9,0,1
9.0,7.0,Cesar,0,0,1
9.0,7.0,Chocó,0,0,1
9.0,7.0,Cundinamarca,2,0,1
9.0,7.0,Córdoba,5,1,1
9.0,7.0,Envigado,56,1,1
9.0,7.0,Guajira,1,0,1
9.0,7.0,Huila,5,5,0
9.0,7.0,Medellin,1572,10,2
9.0,7.0,Meta,3,0,1
9.0,7.0,Nariño,3,6,0
9.0,7.0,Norte de Santander,1,0,1
9.0,7.0,Ocaña,3,0,1
9.0,7.0,Palmira,17,0,1
9.0,7.0,Planta Central,13,9,0
9.0,7.0,Putumayo,5,2,1
9.0,7.0,Quindío,4,0,1
9.0,7.0,Risaralda,14,2,1
9.0,7.0,San Andres y Providencia,1,1,1
9.0,7.0,Santander,3,0,1
9.0,7.0,Sucre,0,1,1
9.0,7.0,Tolima,2,0,1
9.0,7.0,Valle del Cauca,5,1,1
10.0,1.0,Antioquia,16,1,1
10.0,1.0,Barranquilla,103,3,0
10.0,1.0,Boyacá,4,1,1
10.0,1.0,Bucaramanga,200,5,0
10.0,1.0,Caldas,3,0,1
10.0,1.0,Caquetá,3,0,1
10.0,1.0,Casanare,1,2,1
10.0,1.0,Cauca,3,1,1
10.0,1.0,Cesar,3,2,1
10.0,1.0,Chocó,1,1,1
10.0,1.0,Cundinamarca,4,2,1
10.0,1.0,Córdoba,1,2,1
10.0,1.0,Envigado,80,2,1
10.0,1.0,Guajira,0,0,1
10.0,1.0,Huila,0,2,1
10.0,1.0,Medellin,1823,17,2
10.0,1.0,Meta,1,0,1
10.0,1.0,Nariño,2,2,1
10.0,1.0,Norte de Santander,2,0,1
10.0,1.0,Ocaña,1,0,1
10.0,1.0,Palmira,25,4,0
10.0,1.0,Planta Central,12,1,1
10.0,1.0,Putumayo,4,0,1
10.0,1.0,Quindío,3,1,1
10.0,1.0,Risaralda,12,1,1
10.0,1.0,Santander,2,1,1
10.0,1.0,Sucre,0,2,1
10.0,1.0,Tolima,1,0,1
10.0,1.0,Valle del Cauca,9,0,1
10.0,2.0,Antioquia,9,3,0
10.0,2.0,Barranquilla,102,5,0
10.0,2.0,Boyacá,8,0,1
10.0,2.0,Bucaramanga,227,5,0
10.0,2.0,Caldas,7,2,1
10.0,2.0,Caquetá,2,1,1
10.0,2.0,Casanare,1,1,1
10.0,2.0,Cauca,4,0,1
10.0,2.0,Cesar,0,0,1
10.0,2.0,Chocó,1,1,1
10.0,2.0,Cundinamarca,1,0,1
10.0,2.0,Córdoba,0,1,1
10.0,2.0,Envigado,91,1,1
10.0,2.0,Guajira,0,0,1
10.0,2.0,Huila,0,0,1
10.0,2.0,Magdalena,1,0,1
10.0,2.0,Medellin,2103,19,2
10.0,2.0,Meta,1,0,1
10.0,2.0,Nariño,4,1,1
10.0,2.0,Norte de Santander,0,0,1
10.0,2.0,Ocaña,2,0,1
10.0,2.0,Palmira,4,2,1
10.0,2.0,Planta Central,17,2,1
10.0,2.0,Putumayo,4,0,1
10.0,2.0,Quindío,5,0,1
10.0,2.0,Risaralda,12,2,1
10.0,2.0,Santander,2,0,1
10.0,2.0,Tolima,0,1,1
10.0,2.0,Valle del Cauca,7,0,1
10.0,3.0,Antioquia,4,0,1
10.0,3.0,Barranquilla,95,4,0
10.0,3.0,Boyacá,1,1,1
10.0,3.0,Bucaramanga,194,3,0
10.0,3.0,Caldas,7,0,1
10.0,3.0,Caquetá,2,1,1
10.0,3.0,Casanare,3,0,1
10.0,3.0,Cauca,1,2,1
10.0,3.0,Cesar,3,0,1
10.0,3.0,Chocó,1,0,1
10.0,3.0,Cundinamarca,1,1,1
10.0,3.0,Córdoba,0,0,1
10.0,3.0,Envigado,101,0,1
10.0,3.0,Guajira,1,0,1
10.0,3.0,Huila,0,0,1
10.0,3.0,Medellin,1896,16,2
10.0,3.0,Meta,1,0,1
10.0,3.0,Nariño,3,1,1
10.0,3.0,Norte de Santander,0,1,1
10.0,3.0,Palmira,5,0,1
10.0,3.0,Planta Central,4,4,0
10.0,3.0,Quindío,3,0,1
10.0,3.0,Risaralda,14,0,1
10.0,3.0,Santander,1,0,1
10.0,3.0,Sucre,1,0,1
10.0,3.0,Tolima,0,0,1
10.0,3.0,Valle del Cauca,6,1,1
10.0,4.0,Antioquia,7,1,1
10.0,4.0,Barranquilla,100,2,1
10.0,4.0,Bolívar,0,1,1
10.0,4.0,Boyacá,5,1,1
10.0,4.0,Bucaramanga,188,3,0
10.0,4.0,Caldas,7,0,1
10.0,4.0,Casanare,3,3,0
10.0,4.0,Cauca,3,2,1
10.0,4.0,Cesar,0,0,1
10.0,4.0,Cundinamarca,4,0,1
10.0,4.0,Córdoba,0,0,1
10.0,4.0,Envigado,100,3,0
10.0,4.0,Guajira,1,0,1
10.0,4.0,Huila,1,1,1
10.0,4.0,Magdalena,1,0,1
10.0,4.0,Medellin,2009,16,2
10.0,4.0,Meta,2,2,1
10.0,4.0,Nariño,3,2,1
10.0,4.0,Norte de Santander,2,1,1
10.0,4.0,Ocaña,0,0,1
10.0,4.0,Palmira,24,3,0
10.0,4.0,Planta Central,6,0,1
10.0,4.0,Putumayo,5,0,1
10.0,4.0,Quindío,4,1,1
10.0,4.0,Risaralda,7,0,1
10.0,4.0,Santander,3,0,1
10.0,4.0,Sucre,0,0,1
10.0,4.0,Tolima,0,1,1
10.0,4.0,Valle del Cauca,7,2,1
10.0,5.0,Antioquia,13,0,1
10.0,5.0,Barranquilla,136,3,0
10.0,5.0,Bolívar,1,0,1
10.0,5.0,Boyacá,6,2,1
10.0,5.0,Bucaramanga,204,2,1
10.0,5.0,Caldas,8,1,1
10.0,5.0,Caquetá,3,1,1
10.0,5.0,Casanare,2,0,1
10.0,5.0,Cauca,4,2,1
10.0,5.0,Cesar,1,1,1
10.0,5.0,Cundinamarca,4,1,1
10.0,5.0,Córdoba,2,0,1
10.0,5.0,Envigado,89,5,0
10.0,5.0,Guajira,2,0,1
10.0,5.0,Huila,1,1,1
10.0,5.0,Medellin,1952,17,2
10.0,5.0,Nariño,4,0,1
10.0,5.0,Norte de Santander,0,0,1
10.0,5.0,Ocaña,1,0,1
10.0,5.0,Palmira,18,1,1
10.0,5.0,Planta Central,11,5,0
10.0,5.0,Putumayo,3,2,1
10.0,5.0,Quindío,1,0,1
10.0,5.0,Risaralda,9,1,1
10.0,5.0,San Andres y Providencia,2,0,1
10.0,5.0,Santander,4,1,1
10.0,5.0,Sucre,0,0,1
10.0,5.0,Tolima,1,0,1
10.0,5.0,Valle del Cauca,7,2,1
10.0,6.0,Antioquia,11,0,1
10.0,6.0,Barranquilla,126,4,0
10.0,6.0,Boyacá,8,1,1
10.0,6.0,Bucaramanga,208,6,0
10.0,6.0,Caldas,3,1,1
10.0,6.0,Caquetá,1,1,1
10.0,6.0,Casanare,1,1,1
10.0,6.0,Cauca,3,1,1
10.0,6.0,Cesar,1,1,1
10.0,6.0,Cundinamarca,2,0,1
10.0,6.0,Córdoba,3,1,1
10.0,6.0,Envigado,98,0,1
10.0,6.0,Guajira,1,0,1
10.0,6.0,Huila,1,2,1
10.0,6.0,Medellin,1833,25,2
10.0,6.0,Meta,5,3,0
10.0,6.0,Nariño,8,4,0
10.0,6.0,Norte de Santander,3,1,1
10.0,6.0,Ocaña,2,0,1
10.0,6.0,Palmira,23,0,1
10.0,6.0,Planta Central,26,4,0
10.0,6.0,Putumayo,1,0,1
10.0,6.0,Quindío,3,2,1
10.0,6.0,Risaralda,9,0,1
10.0,6.0,San Andres y Providencia,2,0,1
10.0,6.0,Santander,3,4,0
10.0,6.0,Tolima,2,1,1
10.0,6.0,Valle del Cauca,7,0,1
10.0,7.0,Antioquia,17,1,1
10.0,7.0,Barranquilla,108,6,0
10.0,7.0,Boyacá,11,1,1
10.0,7.0,Bucaramanga,185,5,0
10.0,7.0,Caldas,5,0,1
10.0,7.0,Caquetá,5,2,1
10.0,7.0,Casanare,3,4,0
10.0,7.0,Cauca,7,3,0
10.0,7.0,Cesar,2,2,1
10.0,7.0,Chocó,0,1,1
10.0,7.0,Cundinamarca,2,2,1
10.0,7.0,Córdoba,0,1,1
10.0,7.0,Envigado,65,2,1
10.0,7.0,Guajira,1,1,1
10.0,7.0,Huila,4,0,1
10.0,7.0,Medellin,1422,17,2
10.0,7.0,Meta,1,0,1
10.0,7.0,Nariño,1,7,0
10.0,7.0,Norte de Santander,1,3,0
10.0,7.0,Ocaña,2,1,1
10.0,7.0,Palmira,7,5,0
10.0,7.0,Planta Central,11,4,0
10.0,7.0,Putumayo,3,0,1
10.0,7.0,Quindío,1,0,1
10.0,7.0,Risaralda,9,1,1
10.0,7.0,San Andres y Providencia,2,2,1
10.0,7.0,Santander,5,2,1
10.0,7.0,Sucre,0,0,1
10.0,7.0,Tolima,0,0,1
10.0,7.0,Valle del Cauca,7,2,1
11.0,1.0,Antioquia,7,0,1
11.0,1.0,Barranquilla,107,3,0
11.0,1.0,Boyacá,2,0,1
11.0,1.0,Bucaramanga,182,1,1
11.0,1.0,Caldas,0,0,1
11.0,1.0,Caquetá,3,0,1
11.0,1.0,Casanare,0,0,1
11.0,1.0,Cauca,4,1,1
11.0,1.0,Cesar,1,0,1
11.0,1.0,Chocó,2,2,1
11.0,1.0,Cundinamarca,3,0,1
11.0,1.0,Córdoba,2,1,1
11.0,1.0,Envigado,79,2,1
11.0,1.0,Guajira,2,0,1
11.0,1.0,Huila,1,0,1
11.0,1.0,Medellin,1743,17,2
11.0,1.0,Meta,1,0,1
11.0,1.0,Nariño,4,6,0
11.0,1.0,Norte de Santander,2,0,1
11.0,1.0,Ocaña,3,1,1
11.0,1.0,Palmira,38,0,1
11.0,1.0,Planta Central,12,4,0
11.0,1.0,Putumayo,2,1,1
11.0,1.0,Quindío,2,0,1
11.0,1.0,Risaralda,2,0,1
11.0,1.0,Santander,0,0,1
11.0,1.0,Valle del Cauca,1,0,1
11.0,2.0,Antioquia,9,0,1
11.0,2.0,Barranquilla,113,2,1
11.0,2.0,Bolívar,1,0,1
11.0,2.0,Boyacá,3,0,1
11.0,2.0,Bucaramanga,168,6,0
11.0,2.0,Caldas,1,1,1
11.0,2.0,Caquetá,2,1,1
11.0,2.0,Casanare,0,0,1
11.0,2.0,Cauca,1,1,1
11.0,2.0,Cesar,2,0,1
11.0,2.0,Chocó,0,0,1
11.0,2.0,Cundinamarca,3,0,1
11.0,2.0,Córdoba,0,0,1
11.0,2.0,Envigado,75,3,0
11.0,2.0,Guajira,0,0,1
11.0,2.0,Huila,0,1,1
11.0,2.0,Medellin,1699,14,2
11.0,2.0,Meta,2,0,1
11.0,2.0,Nariño,1,3,0
11.0,2.0,Norte de Santander,1,1,1
11.0,2.0,Ocaña,2,0,1
11.0,2.0,Palmira,6,0,1
11.0,2.0,Planta Central,11,3,0
11.0,2.0,Putumayo,2,1,1
11.0,2.0,Quindío,2,1,1
11.0,2.0,Risaralda,2,0,1
11.0,2.0,Santander,0,0,1
11.0,2.0,Tolima,0,2,1
11.0,2.0,Valle del Cauca,5,0,1
11.0,3.0,Antioquia,5,2,1
11.0,3.0,Barranquilla,104,3,0
11.0,3.0,Bolívar,1,0,1
11.0,3.0,Boyacá,11,2,1
11.0,3.0,Bucaramanga,206,8,0
11.0,3.0,Caldas,3,0,1
11.0,3.0,Caquetá,2,1,1
11.0,3.0,Casanare,3,0,1
11.0,3.0,Cauca,0,0,1
11.0,3.0,Cesar,1,0,1
11.0,3.0,Chocó,0,0,1
11.0,3.0,Cundinamarca,2,0,1
11.0,3.0,Córdoba,1,0,1
11.0,3.0,Envigado,73,4,0
11.0,3.0,Guajira,1,0,1
11.0,3.0,Huila,3,0,1
11.0,3.0,Medellin,1859,11,2
11.0,3.0,Meta,1,0,1
11.0,3.0,Nariño,1,2,1
11.0,3.0,Norte de Santander,1,1,1
11.0,3.0,Ocaña,2,0,1
11.0,3.0,Palmira,18,0,1
11.0,3.0,Planta Central,9,4,0
11.0,3.0,Putumayo,3,2,1
11.0,3.0,Quindío,0,0,1
11.0,3.0,Risaralda,2,2,1
11.0,3.0,Santander,2,0,1
11.0,3.0,Tolima,1,1,1
11.0,3.0,Valle del Cauca,0,2,1
11.0,4.0,Antioquia,6,2,1
11.0,4.0,Barranquilla,110,1,1
11.0,4.0,Boyacá,3,1,1
11.0,4.0,Bucaramanga,179,4,0
11.0,4.0,Caldas,4,1,1
11.0,4.0,Caquetá,2,1,1
11.0,4.0,Casanare,7,1,1
11.0,4.0,Cauca,2,0,1
11.0,4.0,Cesar,1,1,1
11.0,4.0,Cundinamarca,0,0,1
11.0,4.0,Córdoba,3,0,1
11.0,4.0,Envigado,85,1,1
11.0,4.0,Guajira,1,0,1
11.0,4.0,Huila,1,0,1
11.0,4.0,Medellin,1833,15,2
11.0,4.0,Nariño,3,2,1
11.0,4.0,Norte de Santander,1,0,1
11.0,4.0,Ocaña,2,0,1
11.0,4.0,Palmira,13,0,1
11.0,4.0,Planta Central,5,2,1
11.0,4.0,Putumayo,7,2,1
11.0,4.0,Quindío,1,1,1
11.0,4.0,Risaralda,9,0,1
11.0,4.0,San Andres y Providencia,2,2,1
11.0,4.0,Santander,1,0,1
11.0,4.0,Sucre,1,0,1
11.0,4.0,Tolima,1,0,1
11.0,4.0,Valle del Cauca,0,2,1
11.0,5.0,Antioquia,8,0,1
11.0,5.0,Barranquilla,135,3,0
11.0,5.0,Bolívar,2,1,1
11.0,5.0,Boyacá,4,2,1
11.0,5.0,Bucaramanga,219,3,0
11.0,5.0,Caldas,3,0,1
11.0,5.0,Caquetá,1,1,1
11.0,5.0,Casanare,0,1,1
11.0,5.0,Cauca,3,1,1
11.0,5.0,Cesar,2,0,1
11.0,5.0,Cundinamarca,1,0,1
11.0,5.0,Córdoba,0,1,1
11.0,5.0,Envigado,90,0,1
11.0,5.0,Guajira,0,0,1
11.0,5.0,Huila,1,1,1
11.0,5.0,Medellin,1863,14,2
11.0,5.0,Meta,0,1,1
11.0,5.0,Nariño,0,2,1
11.0,5.0,Norte de Santander,1,0,1
11.0,5.0,Ocaña,5,0,1
11.0,5.0,Palmira,20,0,1
11.0,5.0,Planta Central,14,3,0
11.0,5.0,Putumayo,0,1,1
11.0,5.0,Quindío,4,2,1
11.0,5.0,Risaralda,1,2,1
11.0,5.0,San Andres y Providencia,2,2,1
11.0,5.0,Santander,1,0,1
11.0,5.0,Sucre,0,0,1
11.0,5.0,Tolima,0,0,1
11.0,5.0,Valle del Cauca,0,2,1
11.0,6.0,Antioquia,12,1,1
11.0,6.0,Barranquilla,107,2,1
11.0,6.0,Bolívar,0,0,1
11.0,6.0,Boyacá,9,1,1
11.0,6.0,Bucaramanga,240,11,0
11.0,6.0,Caldas,3,0,1
11.0,6.0,Caquetá,2,0,1
11.0,6.0,Casanare,1,0,1
11.0,6.0,Cauca,2,0,1
11.0,6.0,Cesar,2,2,1
11.0,6.0,Cundinamarca,2,3,0
11.0,6.0,Córdoba,3,1,1
11.0,6.0,Envigado,77,0,1
11.0,6.0,Huila,0,0,1
11.0,6.0,Medellin,1727,17,2
11.0,6.0,Nariño,2,2,1
11.0,6.0,Norte de Santander,0,0,1
11.0,6.0,Ocaña,1,2,1
11.0,6.0,Palmira,21,2,1
11.0,6.0,Planta Central,8,4,0
11.0,6.0,Putumayo,2,1,1
11.0,6.0,Quindío,2,0,1
11.0,6.0,Risaralda,7,1,1
11.0,6.0,Santander,2,0,1
11.0,6.0,Sucre,0,1,1
11.0,6.0,Tolima,0,0,1
11.0,6.0,Valle del Cauca,4,2,1
11.0,7.0,Antioquia,9,1,1
11.0,7.0,Barranquilla,104,4,0
11.0,7.0,Boyacá,6,2,1
11.0,7.0,Bucaramanga,142,6,0
11.0,7.0,Caldas,2,0,1
11.0,7.0,Caquetá,2,0,1
11.0,7.0,Casanare,1,1,1
11.0,7.0,Cauca,4,1,1
11.0,7.0,Cesar,2,2,1
11.0,7.0,Chocó,1,0,1
11.0,7.0,Cundinamarca,4,2,1
11.0,7.0,Córdoba,0,2,1
11.0,7.0,Envigado,62,0,1
11.0,7.0,Guajira,1,0,1
11.0,7.0,Huila,3,0,1
11.0,7.0,Medellin,1637,28,2
11.0,7.0,Meta,0,1,1
11.0,7.0,Nariño,1,3,0
11.0,7.0,Norte de Santander,3,1,1
11.0,7.0,Ocaña,1,0,1
11.0,7.0,Palmira,22,0,1
11.0,7.0,Planta Central,20,5,0
11.0,7.0,Putumayo,2,0,1
11.0,7.0,Quindío,3,2,1
11.0,7.0,Risaralda,5,0,1
11.0,7.0,San Andres y Providencia,0,1,1
11.0,7.0,Santander,4,1,1
11.0,7.0,Sucre,1,0,1
11.0,7.0,Tolima,0,0,1
11.0,7.0,Valle del Cauca,3,2,1
12.0,1.0,Antioquia,11,2,1
12.0,1.0,Barranquilla,125,3,0
12.0,1.0,Bolívar,1,0,1
12.0,1.0,Boyacá,3,2,1
12.0,1.0,Bucaramanga,201,4,0
12.0,1.0,Caldas,2,1,1
12.0,1.0,Caquetá,1,1,1
12.0,1.0,Casanare,2,3,0
12.0,1.0,Cauca,4,1,1
12.0,1.0,Cesar,1,2,1
12.0,1.0,Chocó,1,0,1
12.0,1.0,Cundinamarca,0,0,1
12.0,1.0,Córdoba,4,1,1
12.0,1.0,Envigado,87,1,1
12.0,1.0,Guajira,0,1,1
12.0,1.0,Huila,0,0,1
12.0,1.0,Medellin,1877,23,2
12.0,1.0,Meta,2,0,1
12.0,1.0,Nariño,6,6,0
12.0,1.0,Norte de Santander,0,0,1
12.0,1.0,Ocaña,1,0,1
12.0,1.0,Palmira,20,0,1
12.0,1.0,Planta Central,6,3,0
12.0,1.0,Putumayo,0,0,1
12.0,1.0,Quindío,3,0,1
12.0,1.0,Risaralda,6,0,1
12.0,1.0,San Andres y Providencia,4,0,1
12.0,1.0,Santander,0,1,1
12.0,1.0,Sucre,0,0,1
12.0,1.0,Tolima,3,0,1
12.0,1.0,Valle del Cauca,11,2,1
12.0,2.0,Antioquia,18,0,1
12.0,2.0,Atlántico,0,0,1
12.0,2.0,Barranquilla,114,1,1
12.0,2.0,Bolívar,2,1,1
12.0,2.0,Boyacá,9,2,1
12.0,2.0,Bucaramanga,205,5,0
12.0,2.0,Caldas,5,0,1
12.0,2.0,Caquetá,1,0,1
12.0,2.0,Casanare,3,0,1
12.0,2.0,Cauca,1,1,1
12.0,2.0,Cesar,0,0,1
12.0,2.0,Chocó,0,1,1
12.0,2.0,Cundinamarca,0,0,1
12.0,2.0,Córdoba,2,0,1
12.0,2.0,Envigado,93,2,1
12.0,2.0,Guajira,0,0,1
12.0,2.0,Huila,1,0,1
12.0,2.0,Medellin,1862,23,2
12.0,2.0,Meta,0,0,1
12.0,2.0,Nariño,0,1,1
12.0,2.0,Norte de Santander,1,0,1
12.0,2.0,Ocaña,0,0,1
12.0,2.0,Palmira,17,1,1
12.0,2.0,Planta Central,11,6,0
12.0,2.0,Putumayo,4,1,1
12.0,2.0,Quindío,4,1,1
12.0,2.0,Risaralda,6,0,1
12.0,2.0,San Andres y Providencia,4,0,1
12.0,2.0,Santander,2,0,1
12.0,2.0,Sucre,1,0,1
12.0,2.0,Tolima,2,1,1
12.0,2.0,Valle del Cauca,6,1,1
12.0,3.0,Antioquia,18,3,0
12.0,3.0,Barranquilla,115,4,0
12.0,3.0,Bolívar,0,1,1
12.0,3.0,Boyacá,9,3,0
12.0,3.0,Bucaramanga,196,6,0
12.0,3.0,Caldas,2,0,1
12.0,3.0,Caquetá,1,1,1
12.0,3.0,Casanare,0,2,1
12.0,3.0,Cauca,4,0,1
12.0,3.0,Cesar,0,0,1
12.0,3.0,Cundinamarca,1,1,1
12.0,3.0,Córdoba,3,0,1
12.0,3.0,Envigado,77,0,1
12.0,3.0,Guajira,0,0,1
12.0,3.0,Huila,1,0,1
12.0,3.0,Magdalena,2,0,1
12.0,3.0,Medellin,1794,20,2
12.0,3.0,Meta,1,0,1
12.0,3.0,Nariño,4,2,1
12.0,3.0,Norte de Santander,1,0,1
12.0,3.0,Palmira,14,3,0
12.0,3.0,Planta Central,18,5,0
12.0,3.0,Putumayo,3,0,1
12.0,3.0,Quindío,1,0,1
12.0,3.0,Risaralda,4,1,1
12.0,3.0,Santander,4,1,1
12.0,3.0,Sucre,1,0,1
12.0,3.0,Tolima,0,0,1
12.0,3.0,Valle del Cauca,19,2,1
12.0,4.0,Antioquia,9,2,1
12.0,4.0,Barranquilla,121,4,0
12.0,4.0,Boyacá,4,2,1
12.0,4.0,Bucaramanga,213,1,1
12.0,4.0,Caldas,4,1,1
12.0,4.0,Caquetá,1,2,1
12.0,4.0,Casanare,2,3,0
12.0,4.0,Cauca,3,0,1
12.0,4.0,Cesar,0,0,1
12.0,4.0,Cundinamarca,4,0,1
12.0,4.0,Córdoba,1,2,1
12.0,4.0,Envigado,86,0,1
12.0,4.0,Guajira,1,0,1
12.0,4.0,Huila,1,1,1
12.0,4.0,Medellin,1669,9,2
12.0,4.0,Meta,2,1,1
12.0,4.0,Nariño,1,3,0
12.0,4.0,Norte de Santander,4,0,1
12.0,4.0,Ocaña,1,0,1
12.0,4.0,Palmira,24,1,1
12.0,4.0,Planta Central,14,6,0
12.0,4.0,Putumayo,3,1,1
12.0,4.0,Quindío,0,0,1
12.0,4.0,Risaralda,2,0,1
12.0,4.0,Santander,7,0,1
12.0,4.0,Tolima,1,0,1
12.0,4.0,Valle del Cauca,23,3,0
12.0,5.0,Antioquia,21,2,1
12.0,5.0,Barranquilla,98,4,0
12.0,5.0,Boyacá,5,3,0
12.0,5.0,Bucaramanga,207,9,0
12.0,5.0,Caldas,2,0,1
12.0,5.0,Caquetá,1,1,1
12.0,5.0,Casanare,5,4,0
12.0,5.0,Cauca,9,6,0
12.0,5.0,Cesar,0,0,1
12.0,5.0,Chocó,0,0,1
12.0,5.0,Cundinamarca,3,0,1
12.0,5.0,Córdoba,2,1,1
12.0,5.0,Envigado,125,0,1
12.0,5.0,Huila,0,0,1
12.0,5.0,Medellin,1709,17,2
12.0,5.0,Meta,0,1,1
12.0,5.0,Nariño,3,2,1
12.0,5.0,Norte de Santander,0,1,1
12.0,5.0,Ocaña,1,1,1
12.0,5.0,Palmira,8,0,1
12.0,5.0,Planta Central,11,5,0
12.0,5.0,Putumayo,1,0,1
12.0,5.0,Quindío,1,0,1
12.0,5.0,Risaralda,7,2,1
12.0,5.0,San Andres y Providencia,2,0,1
12.0,5.0,Santander,4,1,1
12.0,5.0,Tolima,1,0,1
12.0,5.0,Valle del Cauca,21,2,1
12.0,6.0,Antioquia,26,5,0
12.0,6.0,Barranquilla,98,1,1
12.0,6.0,Bolívar,1,0,1
12.0,6.0,Boyacá,9,2,1
12.0,6.0,Bucaramanga,249,10,0
12.0,6.0,Caldas,4,2,1
12.0,6.0,Caquetá,0,1,1
12.0,6.0,Casanare,8,2,1
12.0,6.0,Cauca,4,2,1
12.0,6.0,Cesar,2,3,0
12.0,6.0,Chocó,1,0,1
12.0,6.0,Cundinamarca,3,2,1
12.0,6.0,Córdoba,2,3,0
12.0,6.0,Envigado,111,2,1
12.0,6.0,Guajira,0,0,1
12.0,6.0,Huila,4,1,1
12.0,6.0,Medellin,1804,19,2
12.0,6.0,Meta,3,1,1
12.0,6.0,Nariño,2,1,1
12.0,6.0,Norte de Santander,1,2,1
12.0,6.0,Ocaña,0,0,1
12.0,6.0,Palmira,16,1,1
12.0,6.0,Planta Central,18,10,0
12.0,6.0,Putumayo,4,1,1
12.0,6.0,Quindío,3,0,1
12.0,6.0,Risaralda,5,1,1
12.0,6.0,San Andres y Providencia,0,0,1
12.0,6.0,Santander,8,1,1
12.0,6.0,Sucre,0,0,1
12.0,6.0,Tolima,1,0,1
12.0,6.0,Valle del Cauca,26,3,0
12.0,7.0,Antioquia,18,2,1
12.0,7.0,Barranquilla,117,4,0
12.0,7.0,Bolívar,1,1,1
12.0,7.0,Boyacá,12,1,1
12.0,7.0,Bucaramanga,201,11,0
12.0,7.0,Caldas,2,0,1
12.0,7.0,Caquetá,3,2,1
12.0,7.0,Casanare,2,4,0
12.0,7.0,Cauca,5,1,1
12.0,7.0,Cesar,1,0,1
12.0,7.0,Cundinamarca,0,0,1
12.0,7.0,Córdoba,2,3,0
12.0,7.0,Envigado,65,1,1
12.0,7.0,Guajira,0,0,1
12.0,7.0,Huila,2,1,1
12.0,7.0,Magdalena,1,0,1
12.0,7.0,Medellin,1770,20,2
12.0,7.0,Nariño,2,5,0
12.0,7.0,Norte de Santander,0,1,1
12.0,7.0,Ocaña,0,0,1
12.0,7.0,Palmira,25,0,1
12.0,7.0,Planta Central,10,4,0
12.0,7.0,Putumayo,6,2,1
12.0,7.0,Quindío,0,0,1
12.0,7.0,Risaralda,7,0,1
12.0,7.0,San Andres y Providencia,2,0,1
12.0,7.0,Santander,7,0,1
12.0,7.0,Sucre,1,0,1
12.0,7.0,Tolima,0,2,1
12.0,7.0,Valle del Cauca,13,2,1
